CADENA,LOCAL,FECHA,DISPONIBILIDAD DE PRODUCTOS (A - D) ,GONDOLA,COMUNICACION MARCA,EXHIBICION AMBIENTE,EXHIBICION FRIO,SECTOR CAJAS,Pct_Entrada,Pct_Salida,VARIACION (%)
ALVI,ALVI * AVENIDA RAMON FREIRE 1515 * QUILPUE,2026-01-12 00:00:00,🟢 17%,🔴 0%,🔴 0%,🔴 0%,🟢 17%,🟢 17%,50 %,50 %,0 %
ARAMCO,"ARAMCO - AVENIDA PEDRO AGUIRRE CERDA11385, AN",2026-01-02 00:00:00,🟢 17%,🔴 0%,🔴 0%,🔴 0%,🟢 17%,🟢 17%,50 %,50 %,0 %
ARAMCO,"ARAMCO - AVENIDA PEDRO AGUIRRE CERDA11385, AN",2026-01-15 00:00:00,🟢 17%,🔴 0%,🔴 0%,🔴 0%,🟢 17%,🟢 17%,50 %,50 %,0 %
ARAMCO,"ARAMCO - AVENIDA PEDRO AGUIRRE CERDA11385, AN",2026-01-26 00:00:00,🟢 17%,🟢 17%,🔴 0%,🔴 0%,🟢 17%,🟢 17%,67 %,67 %,0 %
ARAMCO,ARAMCO - BALMACEDA. 4450 4450,2026-01-07 00:00:00,🟢 17%,🔴 0%,🔴 0%,🔴 0%,🔴 0%,🔴 0%,33 %,33 %,0 %
ARAMCO,"ARAMCO - EL SAUCE64, PLACILLA 1150",2026-01-05 00:00:00,🟢 17%,🔴 0%,🔴 0%,🔴 0%,🔴 0%,🔴 0%,33 %,33 %,0 %
ARAMCO,"ARAMCO - LOS MIRLOS 181, VIÑA DEL MAR 181",2026-01-09 00:00:00,🟢 17%,🔴 0%,🔴 0%,🔴 0%,🔴 0%,🔴 0%,33 %,33 %,0 %
ARAMCO,ARAMCO - MARGA-MARGA 1844 1844,2026-01-12 00:00:00,🟢 17%,🟢 17%,🔴 0%,🔴 0%,🟢 17%,🟢 17%,67 %,67 %,0 %
ARAMCO,"ARAMCO - PANAMERICANA NORTE225, LOS VILOS 225",2026-01-22 00:00:00,🟢 17%,🔴 0%,🔴 0%,🔴 0%,🔴 0%,🔴 0%,33 %,33 %,0 %
CENCOSUD,AV JORGE ALESSANDRI 3177,2026-01-13 00:00:00,🟢 17%,🟢 17%,🔴 0%,🔴 0%,🟢 17%,🟢 17%,67 %,67 %,0 %
CENCOSUD,CALLE ARIZTIA PONIENTE P 17 251,2026-01-16 00:00:00,🟢 17%,🟢 17%,🔴 0%,🟢 17%,🟢 17%,🟢 17%,83 %,83 %,0 %
COPEC,ABAROA 1413,2026-01-07 00:00:00,🟢 17%,🔴 0%,🔴 0%,🔴 0%,🔴 0%,🔴 0%,33 %,33 %,0 %
COPEC,AMERICO VESPUCIO 434,2026-01-22 00:00:00,🟢 17%,🔴 0%,🔴 0%,🔴 0%,🟢 17%,🟢 17%,50 %,50 %,0 %
COPEC,ANDRES BELLO ESQUINA J A RIOS 00,2026-01-14 00:00:00,🟢 17%,🔴 0%,🔴 0%,🔴 0%,🟢 17%,🟢 17%,50 %,50 %,0 %
COPEC,ARTURO PRAT 1090,2026-01-15 00:00:00,🟢 17%,🟢 17%,🔴 0%,🔴 0%,🟢 17%,🟢 17%,50 %,50 %,0 %
COPEC,AUTOPISTA CONCEP-THNO 6981,2026-01-22 00:00:00,🟢 17%,🔴 0%,🔴 0%,🔴 0%,🟢 17%,🟢 17%,50 %,50 %,0 %
COPEC,AV 18 SEPTIEMBRE S.N,2026-01-09 00:00:00,🟢 17%,🟢 17%,🔴 0%,🔴 0%,🟢 17%,🟢 17%,50 %,50 %,0 %
COPEC,AV ARGENTINA 1103,2026-01-21 00:00:00,🟢 17%,🟢 17%,🔴 0%,🔴 0%,🟢 17%,🟢 17%,50 %,50 %,0 %
COPEC,AV CAUPOLICAN 451,2026-01-21 00:00:00,🟢 17%,🟢 17%,🔴 0%,🔴 0%,🟢 17%,🟢 17%,50 %,50 %,0 %
COPEC,AV. 4 ESQUINAS 1550,2026-01-19 00:00:00,🟢 17%,🔴 0%,🔴 0%,🔴 0%,🔴 0%,🔴 0%,33 %,33 %,0 %
COPEC,AV. EDMUNDO PEREZ ZUJOVIC 10675,2026-01-15 00:00:00,🟢 17%,🔴 0%,🔴 0%,🔴 0%,🟢 17%,🟢 17%,33 %,33 %,0 %
COPEC,AV. EDMUNDO PEREZ ZUJOVIC 4256,2026-01-20 00:00:00,🟢 17%,🟢 17%,🔴 0%,🔴 0%,🔴 0%,🔴 0%,50 %,50 %,0 %
COPEC,Av. Las delicias s/n (copec vicuña) S/n. (C,2026-01-23 00:00:00,🟢 17%,🔴 0%,🔴 0%,🔴 0%,🔴 0%,🔴 0%,33 %,33 %,0 %
COPEC,AVDA BALMACEDA S/N PARADERO 10 (PUNTO COPEC),2026-01-20 00:00:00,🟢 17%,🔴 0%,🔴 0%,🔴 0%,🔴 0%,🔴 0%,33 %,33 %,0 %
COPEC,AVDA CRISTOBAL COLON 7655,2026-01-19 00:00:00,🟢 17%,🔴 0%,🔴 0%,🔴 0%,🟢 17%,🟢 17%,50 %,50 %,0 %
COPEC,Avda Frei 1063,2026-01-14 00:00:00,🟢 17%,🔴 0%,🔴 0%,🔴 0%,🟢 17%,🟢 17%,50 %,50 %,0 %
COPEC,AVDA. ANGAMOS 633 633,2026-01-12 00:00:00,🟢 17%,🟢 17%,🔴 0%,🔴 0%,🟢 17%,🟢 17%,50 %,50 %,0 %
COPEC,AVDA. ANGAMOS 633 633,2026-01-22 00:00:00,🟢 17%,🟢 17%,🔴 0%,🔴 0%,🟢 17%,🟢 17%,50 %,50 %,0 %
COPEC,AVDA.LOS CARRERAS 801,2026-01-15 00:00:00,🟢 17%,🔴 0%,🔴 0%,🔴 0%,🟢 17%,🟢 17%,50 %,50 %,0 %
COPEC,"Avenida Gabriel González Videla1965, La Seren",2026-01-16 00:00:00,🟢 17%,🔴 0%,🔴 0%,🔴 0%,🔴 0%,🔴 0%,33 %,33 %,0 %
COPEC,"Avenida Pedro Aguirre Cerda00, Antofagasta 00",2026-01-02 00:00:00,🟢 17%,🔴 0%,🔴 0%,🔴 0%,🟢 17%,🟢 17%,33 %,33 %,0 %
COPEC,"Avenida Pedro Aguirre Cerda00, Antofagasta 00",2026-01-13 00:00:00,🟢 17%,🟢 17%,🔴 0%,🔴 0%,🟢 17%,🟢 17%,50 %,50 %,0 %
COPEC,"Avenida Pedro Aguirre Cerda00, Antofagasta 00",2026-01-26 00:00:00,🟢 17%,🟢 17%,🔴 0%,🔴 0%,🟢 17%,🟢 17%,50 %,50 %,0 %
COPEC,Avenida Presidente Jorge Alessandri Rodriguez,2026-01-13 00:00:00,🟢 17%,🔴 0%,🔴 0%,🔴 0%,🟢 17%,🟢 17%,50 %,50 %,0 %
COPEC,"Avenida República de Croacia286, Antofagasta",2026-01-21 00:00:00,🟢 17%,🟢 17%,🔴 0%,🔴 0%,🟢 17%,🟢 17%,50 %,50 %,0 %
COPEC,BALMACEDA 1839 1839,2026-01-16 00:00:00,🟢 17%,🟡 17%,🔴 0%,🔴 0%,🟡 17%,🟡 17%,33 %,67 %,33 %
COPEC,CARRETERA SAN MARTIN 401,2026-01-02 00:00:00,🟢 17%,🔴 0%,🔴 0%,🔴 0%,🔴 0%,🔴 0%,33 %,33 %,0 %
COPEC,CLAUDIA ARROYO FERRAND,2026-01-22 00:00:00,🟢 17%,🟢 17%,🔴 0%,🔴 0%,🔴 0%,🔴 0%,50 %,50 %,0 %
COPEC,COLO COLO 4486,2026-01-19 00:00:00,🟢 17%,🔴 0%,🔴 0%,🔴 0%,🔴 0%,🔴 0%,33 %,33 %,0 %
COPEC,COM. Y SERV. EL MOLINO LTDA.,2026-01-22 00:00:00,🟢 17%,🟢 17%,🔴 0%,🔴 0%,🔴 0%,🔴 0%,50 %,50 %,0 %
COPEC,COM.SMITH Y SANHUEZA LTDA,2026-01-16 00:00:00,🟢 17%,🟢 17%,🔴 0%,🔴 0%,🔴 0%,🔴 0%,50 %,50 %,0 %
COPEC,COMERCIAL Y SERVICIO CASTAÑEDA LTDA,2026-01-20 00:00:00,🟢 17%,🔴 0%,🔴 0%,🔴 0%,🟢 17%,🟢 17%,50 %,50 %,0 %
COPEC,COMERCIAL Y SERVICIOS MICHEL LTDA,2026-01-26 00:00:00,🟢 17%,🔴 0%,🔴 0%,🔴 0%,🔴 0%,🔴 0%,33 %,33 %,0 %
COPEC,COMERCIAL Y SERVICIOS SEGUEL-BEYZAGA LTDA,2026-01-09 00:00:00,🟢 17%,🟢 17%,🔴 0%,🔴 0%,🟢 17%,🟢 17%,50 %,50 %,0 %
COPEC,COMERCIALIZADORA L & S LIMITADA,2026-01-02 00:00:00,🟢 17%,🔴 0%,🔴 0%,🔴 0%,🟢 17%,🟢 17%,33 %,33 %,0 %
COPEC,COMERCIALIZADORA L & S LIMITADA,2026-01-14 00:00:00,🟢 17%,🔴 0%,🔴 0%,🔴 0%,🟢 17%,🟢 17%,33 %,33 %,0 %
COPEC,COMERCIALIZADORA L & S LIMITADA,2026-01-23 00:00:00,🟢 17%,🟢 17%,🔴 0%,🔴 0%,🟢 17%,🟢 17%,50 %,50 %,0 %
COPEC,COMERCIALIZADORA Y DISTR FUENTES Y SEPULVEDA,2026-01-21 00:00:00,🟢 17%,🔴 0%,🔴 0%,🔴 0%,🔴 0%,🔴 0%,33 %,33 %,0 %
COPEC,GENERAL BONILLA # 2845,2026-01-12 00:00:00,🟢 17%,🟢 17%,🔴 0%,🔴 0%,🟢 17%,🟢 17%,67 %,67 %,0 %
COPEC,GERONIMO DE ALDERETE 857,2026-01-16 00:00:00,🟢 17%,🟢 17%,🔴 0%,🔴 0%,🟢 17%,🟢 17%,50 %,50 %,0 %
COPEC,GERONIMO DE ALDERETE 857,2026-01-23 00:00:00,🟢 17%,🟢 17%,🔴 0%,🔴 0%,🟢 17%,🟢 17%,50 %,50 %,0 %
COPEC,JIMENEZ Y BASSO LTDA,2026-01-16 00:00:00,🟢 17%,🟢 17%,🔴 0%,🔴 0%,🟢 17%,🟢 17%,50 %,50 %,0 %
COPEC,LOS COPIHUES 650,2026-01-16 00:00:00,🟢 17%,🔴 0%,🔴 0%,🔴 0%,🔴 0%,🔴 0%,33 %,33 %,0 %
COPEC,MANUEL RODRIGUEZ 725,2026-01-16 00:00:00,🟢 17%,🔴 0%,🔴 0%,🔴 0%,🟢 17%,🟢 17%,50 %,50 %,0 %
COPEC,MICHIMALONGO 1300,2026-01-21 00:00:00,🟢 17%,🔴 0%,🔴 0%,🔴 0%,🟢 17%,🟢 17%,50 %,50 %,0 %
COPEC,OHIGGINS ESQ  BALMACEDA 680,2026-01-16 00:00:00,🟢 17%,🟢 17%,🔴 0%,🔴 0%,🟢 17%,🟢 17%,50 %,50 %,0 %
COPEC,PAICAVI 1248,2026-01-23 00:00:00,🟢 17%,🔴 0%,🔴 0%,🔴 0%,🟢 17%,🟢 17%,50 %,50 %,0 %
COPEC,PANAMERICANA NORTE km 204  PONIENTE KM 204,2026-01-22 00:00:00,🟢 17%,🟢 17%,🔴 0%,🔴 0%,🟢 17%,🟢 17%,67 %,67 %,0 %
COPEC,PANAMERICANA NORTE KM 225,2026-01-22 00:00:00,🟢 17%,🔴 0%,🔴 0%,🔴 0%,🔴 0%,🔴 0%,33 %,33 %,0 %
COPEC,PANAMERICANA NORTE KM 227 INTERIOR 0,2026-01-22 00:00:00,🟢 17%,🔴 0%,🔴 0%,🔴 0%,🔴 0%,🔴 0%,33 %,33 %,0 %
COPEC,PEDRO AGUIRRE CERDA 10980,2026-01-15 00:00:00,🟢 17%,🔴 0%,🔴 0%,🔴 0%,🔴 0%,🔴 0%,33 %,33 %,0 %
COPEC,PEDRO AGUIRRE CERDA 10980,2026-01-26 00:00:00,🟢 17%,🟢 17%,🔴 0%,🔴 0%,🔴 0%,🔴 0%,50 %,50 %,0 %
COPEC,PEDRO DE VALDIVIA 1120,2026-01-12 00:00:00,🟢 17%,🔴 0%,🔴 0%,🔴 0%,🟢 17%,🟢 17%,50 %,50 %,0 %
COPEC,PRIME LTDA.,2026-01-16 00:00:00,🟢 17%,🟢 17%,🔴 0%,🔴 0%,🔴 0%,🔴 0%,50 %,50 %,0 %
COPEC,PRIME LTDA.,2026-01-23 00:00:00,🟢 17%,🟢 17%,🔴 0%,🔴 0%,🔴 0%,🔴 0%,50 %,50 %,0 %
COPEC,PRONTO COPEC LOS VILOS,2026-01-22 00:00:00,🟢 17%,🔴 0%,🔴 0%,🔴 0%,🔴 0%,🔴 0%,33 %,33 %,0 %
COPEC,RENDIC 3815,2026-01-12 00:00:00,🟢 17%,🟢 17%,🔴 0%,🔴 0%,🔴 0%,🔴 0%,50 %,50 %,0 %
COPEC,RENDIC 3815,2026-01-20 00:00:00,🟢 17%,🟢 17%,🔴 0%,🔴 0%,🔴 0%,🔴 0%,50 %,50 %,0 %
COPEC,RUDECINDO ORTEGA 2011,2026-01-21 00:00:00,🟢 17%,🟢 17%,🔴 0%,🔴 0%,🟢 17%,🟢 17%,50 %,50 %,0 %
COPEC,"RUTA 160 CAMINO ARAUCO KM 48,6 ORIENTE",2026-01-14 00:00:00,🟢 17%,🔴 0%,🔴 0%,🔴 0%,🟢 17%,🟢 17%,50 %,50 %,0 %
COPEC,RUTA 5 NORTE KM 370 S/N,2026-01-22 00:00:00,🟢 17%,🔴 0%,🔴 0%,🔴 0%,🔴 0%,🔴 0%,33 %,33 %,0 %
COPEC,RUTA 5 NORTE KM 487,2026-01-15 00:00:00,🟢 17%,🟢 17%,🔴 0%,🔴 0%,🔴 0%,🔴 0%,50 %,50 %,0 %
COPEC,RUTA 5 NORTE KM 648 PARCELA 20 PEÑUELA S/N,2026-01-16 00:00:00,🟢 17%,🟢 17%,🔴 0%,🔴 0%,🔴 0%,🔴 0%,50 %,50 %,0 %
COPEC,"RUTA 5 SUR KM 614,3 ORIENTE",2026-01-15 00:00:00,🟢 17%,🟢 17%,🔴 0%,🔴 0%,🔴 0%,🔴 0%,50 %,50 %,0 %
COPEC,"RUTA 5 SUR KM 614,3 ORIENTE",2026-01-16 00:00:00,🔴 0%,🔴 0%,🔴 0%,🔴 0%,🔴 0%,🔴 0%,0 %,0 %,0 %
COPEC,"RUTA 5 SUR KM 645,7",2026-01-16 00:00:00,🔴 0%,🔴 0%,🔴 0%,🔴 0%,🔴 0%,🔴 0%,0 %,0 %,0 %
COPEC,SAN MARTIN 0884 0884,2026-01-12 00:00:00,🟢 17%,🟢 17%,🔴 0%,🔴 0%,🟢 17%,🟢 17%,50 %,50 %,0 %
COPEC,SAN MARTIN 0884 0884,2026-01-21 00:00:00,🟢 17%,🟢 17%,🔴 0%,🔴 0%,🟢 17%,🟢 17%,50 %,50 %,0 %
COPEC,SANTA LUCIA LIMITADA,2026-01-23 00:00:00,🟢 17%,🔴 0%,🔴 0%,🔴 0%,🔴 0%,🔴 0%,33 %,33 %,0 %
COPEC,SOCIEDAD COMERCIALIZADORA Y DISTRIBUIDORA ESP,2026-01-19 00:00:00,🟢 17%,🔴 0%,🔴 0%,🔴 0%,🔴 0%,🔴 0%,33 %,33 %,0 %
COPEC,URIBE SAN MARTIN 0,2026-01-02 00:00:00,🟢 17%,🔴 0%,🔴 0%,🔴 0%,🟢 17%,🟢 17%,33 %,33 %,0 %
COPEC,URIBE SAN MARTIN 0,2026-01-13 00:00:00,🟢 17%,🔴 0%,🔴 0%,🔴 0%,🟢 17%,🟢 17%,33 %,33 %,0 %
COPEC,URIBE SAN MARTIN 0,2026-01-23 00:00:00,🟢 17%,🟢 17%,🔴 0%,🔴 0%,🟢 17%,🟢 17%,67 %,67 %,0 %
COPEC,Vicuña Mackenna 8257,2026-01-23 00:00:00,🟢 17%,🔴 0%,🔴 0%,🔴 0%,🔴 0%,🔴 0%,33 %,33 %,0 %
COPEC,VITACURA 6380 6380,2026-01-02 00:00:00,🟢 17%,🔴 0%,🔴 0%,🔴 0%,🟢 17%,🟢 17%,33 %,33 %,0 %
EL TREBOL,EL TREBOL,2026-01-23 00:00:00,🟢 17%,🟡 17%,🔴 0%,🔴 0%,🟢 17%,🟢 17%,50 %,67 %,17 %
FEMSA,BARROS ARANA LOCAL D 374,2026-01-23 00:00:00,🟢 17%,🔴 0%,🔴 0%,🔴 0%,🟢 17%,🟢 17%,50 %,50 %,0 %
FEMSA,CAUPOLICÁN 315 LOCAL 3 Y 4 315,2026-01-23 00:00:00,🟢 17%,🔴 0%,🔴 0%,🔴 0%,🟢 17%,🟢 17%,50 %,50 %,0 %
FEMSA,SIMON BOLIVAR LOCAL 3 3760,2026-01-19 00:00:00,🟢 17%,🟢 17%,🔴 0%,🔴 0%,🔴 0%,🔴 0%,50 %,50 %,0 %
HIPER LIDER,LIDER * AVDA ARGENTINA 540 * VALPARAISO,2026-01-26 00:00:00,🟢 17%,🔴 0%,🔴 0%,🟢 17%,🔴 0%,🔴 0%,50 %,50 %,0 %
HIPER LIDER,LIDER * BALMACEDA 684 * PEÑAFLOR,2026-01-13 00:00:00,🟢 17%,🟢 17%,🔴 0%,🟢 17%,🟢 17%,🟢 17%,83 %,83 %,0 %
HIPER LIDER,LIDER * RAMON FREIRE 1351 * QUILPUE,2026-01-12 00:00:00,🟢 17%,🟢 17%,🔴 0%,🟢 17%,🟢 17%,🟢 17%,83 %,83 %,0 %
HIPER LIDER,LIDER * VICUNA MACKENNA 153 * MELIPILLA,2026-01-13 00:00:00,🟢 17%,🟢 17%,🔴 0%,🟢 17%,🟢 17%,🟢 17%,83 %,83 %,0 %
JUMBO,JUMBO * 1 NORTE 2901 * VIÑA DEL MAR,2026-01-05 00:00:00,🟢 17%,🔴 0%,🔴 0%,🟢 17%,🟢 17%,🟢 17%,67 %,67 %,0 %
JUMBO,JUMBO * ANGAMOS 2170 * ANTOFAGASTA,2026-01-12 00:00:00,🟢 17%,🟢 17%,🔴 0%,🔴 0%,🟢 17%,🟢 17%,67 %,67 %,0 %
JUMBO,JUMBO * ANGAMOS 2170 * ANTOFAGASTA,2026-01-22 00:00:00,🟢 17%,🟢 17%,🔴 0%,🔴 0%,🟢 17%,🟢 17%,67 %,67 %,0 %
JUMBO,JUMBO * ARIZTIA 530 * QUILLOTA,2026-01-06 00:00:00,🟢 17%,🔴 0%,🔴 0%,🟢 17%,🟢 17%,🟢 17%,67 %,67 %,0 %
JUMBO,JUMBO * AV COSTANERA RIVERA NORTE 9781 * CONC,2026-01-19 00:00:00,🟢 17%,🟢 17%,🔴 0%,🟢 17%,🟢 17%,🟢 17%,83 %,83 %,0 %
JUMBO,JUMBO * AV COSTANERA RIVERA NORTE 9781 * CONC,2026-01-26 00:00:00,🔴 0%,🔴 0%,🔴 0%,🔴 0%,🔴 0%,🔴 0%,0 %,0 %,0 %
JUMBO,JUMBO * AV LOS PABLOS - LAS ENCINAS 1800 * TE,2026-01-22 00:00:00,🟢 17%,🟢 17%,🔴 0%,🔴 0%,🔴 0%,🔴 0%,50 %,50 %,0 %
JUMBO,JUMBO * AVDA ARGENTINA 51 * VALPARAISO,2026-01-26 00:00:00,🟢 17%,🟢 17%,🔴 0%,🟢 17%,🔴 0%,🔴 0%,67 %,67 %,0 %
JUMBO,JUMBO * AVDA RAMON FREIRE 1581 * QUILPUE,2026-01-06 00:00:00,🟢 17%,🔴 0%,🔴 0%,🟢 17%,🟢 17%,🟢 17%,67 %,67 %,0 %
JUMBO,JUMBO * AVDA RAMON FREIRE 1581 * QUILPUE,2026-01-12 00:00:00,🟢 17%,🟢 17%,🔴 0%,🟢 17%,🟢 17%,🟢 17%,83 %,83 %,0 %
JUMBO,JUMBO * AVENIDA ALEMANIA 633 * TEMUCO,2026-01-22 00:00:00,🟢 17%,🟢 17%,🔴 0%,🔴 0%,🟢 17%,🟢 17%,67 %,67 %,0 %
JUMBO,JUMBO * AVENIDA ANGAMOS 745 * ANTOFAGASTA,2026-01-21 00:00:00,🟢 17%,🟢 17%,🔴 0%,🟢 17%,🟢 17%,🟢 17%,83 %,83 %,0 %
JUMBO,JUMBO * LONGITUDINAL NORTE 134 * CHILLAN,2026-01-09 00:00:00,🟢 17%,🟢 17%,🔴 0%,🟢 17%,🟢 17%,🟢 17%,83 %,83 %,0 %
JUMBO,JUMBO * PAN. NORTE PARCELA 69 VEGA SUR * LA S,2026-01-20 00:00:00,🟢 17%,🟢 17%,🔴 0%,🟢 17%,🟢 17%,🟢 17%,83 %,83 %,0 %
JUMBO,JUMBO * PEDRO AGUIRRE CERDA 9400 * ANTOFAGAST,2026-01-14 00:00:00,🟢 17%,🟢 17%,🔴 0%,🔴 0%,🟢 17%,🟢 17%,67 %,67 %,0 %
JUMBO,JUMBO * PEDRO DE VALDIVIA 1010 * CONCEPCION,2026-01-12 00:00:00,🟢 17%,🟢 17%,🔴 0%,🟢 17%,🟢 17%,🟢 17%,83 %,83 %,0 %
JUMBO,JUMBO * RUTA F30 ESQUINA RUTA F124 * PUCHUNCA,2026-01-07 00:00:00,🟢 17%,🔴 0%,🔴 0%,🔴 0%,🟢 17%,🟢 17%,50 %,50 %,0 %
LIDER EXPRESS,LIDER * AV BARROS ARANA 308 * TEMUCO,2026-01-02 00:00:00,🟢 17%,🔴 0%,🔴 0%,🔴 0%,🔴 0%,🔴 0%,33 %,33 %,0 %
LIDER EXPRESS,LIDER * AV BARROS ARANA 308 * TEMUCO,2026-01-16 00:00:00,🟢 17%,🔴 0%,🔴 0%,🟢 17%,🔴 0%,🔴 0%,50 %,50 %,0 %
LIDER EXPRESS,LIDER * AV BARROS ARANA 308 * TEMUCO,2026-01-19 00:00:00,🟢 17%,🟢 17%,🔴 0%,🟢 17%,🔴 0%,🔴 0%,67 %,67 %,0 %
LIDER EXPRESS,LIDER * AV BERNARDO OHIGGINS 964 * PUCON,2026-01-16 00:00:00,🟢 17%,🟢 17%,🔴 0%,🔴 0%,🟢 17%,🟢 17%,67 %,67 %,0 %
LIDER EXPRESS,LIDER * AV BORGONO 14650 * VALPARAISO,2026-01-09 00:00:00,🟢 17%,🔴 0%,🔴 0%,🔴 0%,🟢 17%,🟢 17%,50 %,50 %,0 %
LIDER EXPRESS,LIDER * AV EL AMANECER 1401 * COQUIMBO,2026-01-21 00:00:00,🟢 17%,🟢 17%,🔴 0%,🔴 0%,🔴 0%,🔴 0%,50 %,50 %,0 %
LIDER EXPRESS,LIDER * AV LOS CARRERA 754 * QUILPUE,2026-01-19 00:00:00,🟢 17%,🟢 17%,🔴 0%,🔴 0%,🟢 17%,🟢 17%,67 %,67 %,0 %
LIDER EXPRESS,LIDER * AV MANUEL RECABARREN 02320 * TEMUCO,2026-01-22 00:00:00,🟢 17%,🟢 17%,🔴 0%,🔴 0%,🟢 17%,🟢 17%,67 %,67 %,0 %
LIDER EXPRESS,LIDER * AV PEDRO MONTT 1875 * VALPARAISO,2026-01-08 00:00:00,🟢 17%,🔴 0%,🔴 0%,🔴 0%,🔴 0%,🔴 0%,33 %,33 %,0 %
LIDER EXPRESS,LIDER * AV PEDRO MONTT 1875 * VALPARAISO,2026-01-26 00:00:00,🟢 17%,🔴 0%,🔴 0%,🔴 0%,🟢 17%,🟢 17%,50 %,50 %,0 %
LIDER EXPRESS,LIDER * AV.  LOS PALOS 2050 * TEMUCO,2026-01-22 00:00:00,🟢 17%,🟢 17%,🔴 0%,🔴 0%,🔴 0%,🔴 0%,50 %,50 %,0 %
LIDER EXPRESS,LIDER * AV. COLON 2572 * VALPARAISO,2026-01-08 00:00:00,🟢 17%,🔴 0%,🔴 0%,🔴 0%,🟢 17%,🟢 17%,50 %,50 %,0 %
LIDER EXPRESS,LIDER * AV. COLON 2572 * VALPARAISO,2026-01-26 00:00:00,🟢 17%,🔴 0%,🔴 0%,🔴 0%,🟢 17%,🟢 17%,50 %,50 %,0 %
LIDER EXPRESS,LIDER * AV. FCO. DE AGUIRRE 2 * LA SERENA,2026-01-15 00:00:00,🟢 17%,🟢 17%,🔴 0%,🟢 17%,🟢 17%,🟢 17%,83 %,83 %,0 %
LIDER EXPRESS,LIDER * AV. FCO. DE AGUIRRE 2 * LA SERENA,2026-01-26 00:00:00,🟢 17%,🟢 17%,🔴 0%,🟢 17%,🟢 17%,🟢 17%,83 %,83 %,0 %
LIDER EXPRESS,LIDER * AVENIDA BRASIL 1303 * VALPARAISO,2026-01-08 00:00:00,🟢 17%,🔴 0%,🔴 0%,🔴 0%,🟢 17%,🟢 17%,33 %,33 %,0 %
LIDER EXPRESS,LIDER * AVENIDA BRASIL 1303 * VALPARAISO,2026-01-26 00:00:00,🟢 17%,🟢 17%,🔴 0%,🔴 0%,🔴 0%,🔴 0%,33 %,33 %,0 %
LIDER EXPRESS,LIDER * CAPARROSA 355 * ANTOFAGASTA,2026-01-15 00:00:00,🟢 17%,🟢 17%,🔴 0%,🔴 0%,🟢 17%,🟢 17%,67 %,67 %,0 %
LIDER EXPRESS,LIDER * GABRIELA MISTRAL 2621 * TEMUCO,2026-01-23 00:00:00,🟢 17%,🟢 17%,🔴 0%,🔴 0%,🟢 17%,🟢 17%,50 %,50 %,0 %
LIDER EXPRESS,LIDER * GUILLERMO ULRIKSEN 3128 * LA SERENA,2026-01-19 00:00:00,🟢 17%,🟢 17%,🔴 0%,🟢 17%,🟢 17%,🟢 17%,83 %,83 %,0 %
LIDER EXPRESS,LIDER * IQUIQUE 5201 * ANTOFAGASTA,2026-01-20 00:00:00,🟢 17%,🟢 17%,🔴 0%,🔴 0%,🟢 17%,🟢 17%,67 %,67 %,0 %
LIDER EXPRESS,LIDER * MANUEL RODRIGUEZ 923 * CHIGUAYANTE,2026-01-16 00:00:00,🟢 17%,🟢 17%,🔴 0%,🔴 0%,🟢 17%,🟢 17%,67 %,67 %,0 %
LIDER EXPRESS,LIDER * RECINTO INTERIOR ESTACION 48 * OVALLE,2026-01-16 00:00:00,🟢 17%,🟢 17%,🔴 0%,🔴 0%,🟢 17%,🟢 17%,67 %,67 %,0 %
LIDER EXPRESS,LIDER * RUDECINDO ORTEGA 01575 * TEMUCO,2026-01-02 00:00:00,🟢 17%,🔴 0%,🔴 0%,🔴 0%,🔴 0%,🔴 0%,33 %,33 %,0 %
LIDER EXPRESS,LIDER * RUDECINDO ORTEGA 01575 * TEMUCO,2026-01-22 00:00:00,🟢 17%,🟢 17%,🔴 0%,🔴 0%,🟢 17%,🟢 17%,67 %,67 %,0 %
LIDER EXPRESS,LIDER * RUTA F-30E LOTE R1 * PUCHUNCAVI,2026-01-07 00:00:00,🟢 17%,🔴 0%,🔴 0%,🔴 0%,🔴 0%,🔴 0%,33 %,33 %,0 %
LIDER EXPRESS,LIDER * SATURNINO EPULEF ESQUINA COLO COLO 83,2026-01-23 00:00:00,🟢 17%,🟢 17%,🔴 0%,🔴 0%,🟢 17%,🟢 17%,67 %,67 %,0 %
LIDER EXPRESS,LIDER * ZENTENO 21 * ANTOFAGASTA,2026-01-20 00:00:00,🟢 17%,🟢 17%,🔴 0%,🟢 17%,🟢 17%,🟢 17%,83 %,83 %,0 %
MAXI K,MAXI K,2026-01-02 00:00:00,🟢 17%,🔴 0%,🔴 0%,🔴 0%,🟢 17%,🟢 17%,50 %,50 %,0 %
MAXI K,MAXI K,2026-01-14 00:00:00,🟢 17%,🔴 0%,🔴 0%,🔴 0%,🟢 17%,🟢 17%,50 %,50 %,0 %
MAYORISTA 10,(3013) - M10 SAN BERNARDO I,2026-01-12 00:00:00,🟢 17%,🔴 0%,🔴 0%,🔴 0%,🔴 0%,🔴 0%,33 %,33 %,0 %
MAYORISTA 10,(3027) - M10 CHILLÁN I RIQUELME,2026-01-09 00:00:00,🟢 17%,🔴 0%,🔴 0%,🔴 0%,🟢 17%,🟢 17%,50 %,50 %,0 %
MAYORISTA 10,(3029) - M10 LA FLORIDA,2026-01-23 00:00:00,🟢 17%,🔴 0%,🔴 0%,🔴 0%,🔴 0%,🔴 0%,33 %,33 %,0 %
MAYORISTA 10,(3040) - M10 TEMUCO III,2026-01-19 00:00:00,🟢 17%,🔴 0%,🔴 0%,🔴 0%,🔴 0%,🔴 0%,33 %,33 %,0 %
MAYORISTA 10,(3043) - M10 SAN BERNARDO II,2026-01-12 00:00:00,🟢 17%,🔴 0%,🔴 0%,🔴 0%,🔴 0%,🔴 0%,33 %,33 %,0 %
MAYORISTA 10,(3046) - M10 VICUNA MACKENNA,2026-01-23 00:00:00,🟢 17%,🔴 0%,🔴 0%,🔴 0%,🔴 0%,🔴 0%,33 %,33 %,0 %
MAYORISTA 10,(3054) - M10 CAMILO HENRIQUEZ,2026-01-23 00:00:00,🟢 17%,🔴 0%,🔴 0%,🔴 0%,🔴 0%,🔴 0%,33 %,33 %,0 %
MAYORISTA 10,(3055) - M10 ROJAS MAGALLANES,2026-01-23 00:00:00,🟢 17%,🔴 0%,🔴 0%,🟡 17%,🔴 0%,🔴 0%,33 %,50 %,17 %
MAYORISTA 10,(3057) - M10 MARATHON,2026-01-19 00:00:00,🟢 17%,🔴 0%,🔴 0%,🔴 0%,🔴 0%,🔴 0%,33 %,33 %,0 %
MAYORISTA 10,(3058) - M10 SAN LUIS,2026-01-19 00:00:00,🟢 17%,🔴 0%,🔴 0%,🔴 0%,🔴 0%,🔴 0%,33 %,33 %,0 %
MAYORISTA 10,(3063) - M10 SAN MARTIN,2026-01-12 00:00:00,🟢 17%,🔴 0%,🔴 0%,🔴 0%,🔴 0%,🔴 0%,33 %,33 %,0 %
MAYORISTA 10,(3166) - M10 HUALPEN II,2026-01-19 00:00:00,🟢 17%,🟢 17%,🔴 0%,🔴 0%,🟢 17%,🟢 17%,67 %,67 %,0 %
MAYORISTA 10,(3168) - M10 TEMUCO V,2026-01-19 00:00:00,🟢 17%,🔴 0%,🔴 0%,🔴 0%,🔴 0%,🔴 0%,33 %,33 %,0 %
OK MARKET,OK MARKET * AV BORGOÑO 14410 * VIÑA DEL MAR,2026-01-09 00:00:00,🟢 17%,🔴 0%,🔴 0%,🔴 0%,🟢 17%,🟢 17%,50 %,50 %,0 %
OK MARKET,OK MARKET S.A,2026-01-15 00:00:00,🟢 17%,🔴 0%,🔴 0%,🔴 0%,🟢 17%,🟢 17%,50 %,50 %,0 %
OK MARKET,OK MARKET S.A.,2026-01-13 00:00:00,🟢 17%,🔴 0%,🔴 0%,🔴 0%,🟢 17%,🟢 17%,50 %,50 %,0 %
OK MARKET,OK MARKET S.A.,2026-01-19 00:00:00,🟢 17%,🟢 17%,🔴 0%,🔴 0%,🟢 17%,🟢 17%,50 %,50 %,0 %
OK MARKET,OK MARKET S.A.,2026-01-21 00:00:00,🟢 17%,🟢 17%,🔴 0%,🔴 0%,🟢 17%,🟢 17%,50 %,50 %,0 %
OK MARKET,OK MARKET S.A.,2026-01-23 00:00:00,🟢 17%,🟢 17%,🔴 0%,🔴 0%,🟢 17%,🟢 17%,50 %,50 %,0 %
OK MARKET,OK MARKET S.A.,2026-01-26 00:00:00,🟢 17%,🟡 17%,🔴 0%,🔴 0%,🟢 17%,🟢 17%,33 %,50 %,17 %
PETROBRAS,ACEVEDO Y COMPAÑÍA LTDA,2026-01-16 00:00:00,🟢 17%,🟢 17%,🔴 0%,🔴 0%,🔴 0%,🔴 0%,50 %,50 %,0 %
PETROBRAS,ACEVEDO Y COMPAÑÍA LTDA,2026-01-23 00:00:00,🟢 17%,🟢 17%,🔴 0%,🔴 0%,🔴 0%,🔴 0%,50 %,50 %,0 %
PETROBRAS,AVDA. HECTOR GOMEZ COBO 0286,2026-01-12 00:00:00,🟢 17%,🟢 17%,🔴 0%,🔴 0%,🟢 17%,🟢 17%,50 %,50 %,0 %
PETROBRAS,AVDA. HECTOR GOMEZ COBO 0286,2026-01-22 00:00:00,🟢 17%,🟢 17%,🔴 0%,🔴 0%,🟢 17%,🟢 17%,50 %,50 %,0 %
PETROBRAS,"Avenida Antonio Rendic6850, Antofagasta 6850",2026-01-20 00:00:00,🟢 17%,🟢 17%,🔴 0%,🔴 0%,🔴 0%,🔴 0%,50 %,50 %,0 %
PETROBRAS,"Avenida Argentina2802, Antofagasta 2802",2026-01-02 00:00:00,🟢 17%,🔴 0%,🔴 0%,🟢 17%,🟢 17%,🟢 17%,67 %,67 %,0 %
PETROBRAS,"Avenida Argentina2802, Antofagasta 2802",2026-01-14 00:00:00,🟢 17%,🔴 0%,🔴 0%,🟢 17%,🟢 17%,🟢 17%,67 %,67 %,0 %
PETROBRAS,"Avenida Argentina2802, Antofagasta 2802",2026-01-23 00:00:00,🟢 17%,🟢 17%,🔴 0%,🟢 17%,🟢 17%,🟢 17%,83 %,83 %,0 %
PETROBRAS,"Avenida Edmundo Pérez Zujovic5030, Antofagast",2026-01-20 00:00:00,🟢 17%,🟢 17%,🔴 0%,🟢 17%,🔴 0%,🔴 0%,67 %,67 %,0 %
PETROBRAS,"Avenida Grecia430, Antofagasta 430",2026-01-21 00:00:00,🟢 17%,🟢 17%,🔴 0%,🟢 17%,🔴 0%,🔴 0%,67 %,67 %,0 %
PETROBRAS,AVENIDA JOSE MANUEL BALMA 3464,2026-01-20 00:00:00,🟢 17%,🔴 0%,🔴 0%,🔴 0%,🔴 0%,🔴 0%,33 %,33 %,0 %
PETROBRAS,"Avenida Pedro Aguirre Cerda10850, Antofagasta",2026-01-15 00:00:00,🟢 17%,🟢 17%,🟡 17%,🟢 17%,🔴 0%,🔴 0%,67 %,83 %,17 %
PETROBRAS,"Avenida Pedro Aguirre Cerda10850, Antofagasta",2026-01-26 00:00:00,🟢 17%,🟢 17%,🟡 17%,🟢 17%,🔴 0%,🔴 0%,67 %,83 %,17 %
PETROBRAS,Avenida Universidad de Antofagasta 2751,2026-01-12 00:00:00,🟢 17%,🟢 17%,🔴 0%,🔴 0%,🟢 17%,🟢 17%,67 %,67 %,0 %
PETROBRAS,Avenida Universidad de Antofagasta 2751,2026-01-22 00:00:00,🟢 17%,🟢 17%,🔴 0%,🔴 0%,🟢 17%,🟢 17%,67 %,67 %,0 %
PETROBRAS,"Calle de servicio, Santa Isabel 658",2026-01-15 00:00:00,🟢 17%,🟢 17%,🔴 0%,🔴 0%,🟢 17%,🟢 17%,67 %,67 %,0 %
PETROBRAS,"Caupolicán96, Temuco 096",2026-01-21 00:00:00,🟢 17%,🟢 17%,🔴 0%,🟢 17%,🟢 17%,🟢 17%,83 %,83 %,0 %
PETROBRAS,CUATRO ESQUINAS 1617 1717,2026-01-20 00:00:00,🟢 17%,🔴 0%,🔴 0%,🔴 0%,🔴 0%,🔴 0%,33 %,33 %,0 %
PETROBRAS,DISTRIBUIDORA Y COMERCIAL D.G.P. SPA,2026-01-12 00:00:00,🟢 17%,🟢 17%,🔴 0%,🟢 17%,🔴 0%,🔴 0%,67 %,67 %,0 %
PETROBRAS,ESMAX RED LIMITADA,2026-01-16 00:00:00,🟢 17%,🟡 17%,🔴 0%,🟢 17%,🔴 0%,🔴 0%,50 %,67 %,17 %
PETROBRAS,ESMAX RED LTDA,2026-01-16 00:00:00,🟢 17%,🟢 17%,🔴 0%,🔴 0%,🔴 0%,🔴 0%,50 %,50 %,0 %
PETROBRAS,ESMAX RED LTDA,2026-01-21 00:00:00,🟢 17%,🔴 0%,🔴 0%,🔴 0%,🟢 17%,🟢 17%,50 %,50 %,0 %
PETROBRAS,ESMAX RED LTDA,2026-01-23 00:00:00,🟢 17%,🟢 17%,🔴 0%,🔴 0%,🟢 17%,🟢 17%,67 %,67 %,0 %
PETROBRAS,GENERAL BONILLA 1850,2026-01-12 00:00:00,🟢 17%,🟢 17%,🔴 0%,🔴 0%,🟢 17%,🟢 17%,67 %,67 %,0 %
PETROBRAS,INMOBILIA ROJAS ALVAREZ LTDA,2026-01-15 00:00:00,🟢 17%,🟢 17%,🔴 0%,🔴 0%,🔴 0%,🔴 0%,50 %,50 %,0 %
PETROBRAS,INVERSIONES LUGO LIMITADA,2026-01-21 00:00:00,🟢 17%,🔴 0%,🔴 0%,🔴 0%,🔴 0%,🔴 0%,33 %,33 %,0 %
PETROBRAS,"Manuel Antonio Matta2001, Antofagasta.",2026-01-12 00:00:00,🟢 17%,🟢 17%,🔴 0%,🟢 17%,🔴 0%,🔴 0%,67 %,67 %,0 %
PETROBRAS,"Manuel Antonio Matta2001, Antofagasta.",2026-01-23 00:00:00,🟢 17%,🟢 17%,🔴 0%,🟢 17%,🔴 0%,🔴 0%,67 %,67 %,0 %
PETROBRAS,"Martín Lutero2184, Temuco",2026-01-02 00:00:00,🟢 17%,🔴 0%,🔴 0%,🟢 17%,🟢 17%,🟢 17%,67 %,67 %,0 %
PETROBRAS,"Pablo Neruda 0227, Temuco 0221",2026-01-05 00:00:00,🟢 17%,🔴 0%,🔴 0%,🔴 0%,🔴 0%,🔴 0%,33 %,33 %,0 %
PETROBRAS,"Pablo Neruda 0227, Temuco 0221",2026-01-21 00:00:00,🟢 17%,🟢 17%,🔴 0%,🔴 0%,🔴 0%,🔴 0%,50 %,50 %,0 %
PETROBRAS,"Rudecindo Ortega01139, Cautin",2026-01-02 00:00:00,🟢 17%,🔴 0%,🔴 0%,🔴 0%,🔴 0%,🔴 0%,33 %,33 %,0 %
PRONTO COPEC,PRONTO COPEC - AGUA SANTA 820,2026-01-14 00:00:00,🟢 17%,🟢 17%,🔴 0%,🔴 0%,🟢 17%,🟢 17%,50 %,50 %,0 %
PRONTO COPEC,"PRONTO COPEC - ALESSANDRI3401, VALPARAÍSO 340",2026-01-14 00:00:00,🟢 17%,🟢 17%,🔴 0%,🔴 0%,🟢 17%,🟢 17%,50 %,50 %,0 %
PRONTO COPEC,PRONTO COPEC - ALVAREZ 2366 (DUOC UC VIÑA),2026-01-14 00:00:00,🟢 17%,🟢 17%,🔴 0%,🔴 0%,🔴 0%,🔴 0%,50 %,50 %,0 %
PRONTO COPEC,PRONTO COPEC - AVDA ALESSANDRI 1461,2026-01-14 00:00:00,🟢 17%,🔴 0%,🔴 0%,🔴 0%,🔴 0%,🔴 0%,33 %,33 %,0 %
PRONTO COPEC,"PRONTO COPEC - AVENIDA LOS CARRERA1050, QUILP",2026-01-19 00:00:00,🟢 17%,🟢 17%,🔴 0%,🔴 0%,🔴 0%,🔴 0%,50 %,50 %,0 %
PRONTO COPEC,PRONTO COPEC - GOMEZ CARRENO S/N BELLOTO 0,2026-01-19 00:00:00,🟢 17%,🟢 17%,🔴 0%,🔴 0%,🟢 17%,🟢 17%,50 %,50 %,0 %
PRONTO COPEC,PRONTO COPEC - JORGE MONTT 2300,2026-01-14 00:00:00,🟢 17%,🟢 17%,🔴 0%,🔴 0%,🟢 17%,🟢 17%,50 %,50 %,0 %
PRONTO COPEC,PRONTO COPEC - LAS MONTAÑAS 2550,2026-01-02 00:00:00,🟢 17%,🔴 0%,🔴 0%,🔴 0%,🔴 0%,🔴 0%,33 %,33 %,0 %
PRONTO COPEC,PRONTO COPEC - LIMACHE 2365,2026-01-14 00:00:00,🟢 17%,🟢 17%,🔴 0%,🔴 0%,🔴 0%,🔴 0%,50 %,50 %,0 %
PRONTO COPEC,PRONTO COPEC - LIMACHE 3291,2026-01-14 00:00:00,🟢 17%,🟢 17%,🔴 0%,🔴 0%,🟢 17%,🟢 17%,67 %,67 %,0 %
PRONTO COPEC,PRONTO COPEC - LOS CARRERA 1091,2026-01-19 00:00:00,🟢 17%,🟢 17%,🔴 0%,🔴 0%,🔴 0%,🔴 0%,50 %,50 %,0 %
PRONTO COPEC,PRONTO COPEC - MARGA-MARGA 1628 1628,2026-01-19 00:00:00,🟢 17%,🟢 17%,🔴 0%,🔴 0%,🟢 17%,🟢 17%,50 %,50 %,0 %
PRONTO COPEC,"PRONTO COPEC - PADRE HURTADO760, VIÑA DEL MAR",2026-01-14 00:00:00,🟢 17%,🟢 17%,🔴 0%,🔴 0%,🟢 17%,🟢 17%,67 %,67 %,0 %
PRONTO COPEC,"PRONTO COPEC - PANAMERICANA NORTE, URIBE KM 1",2026-01-22 00:00:00,🟢 17%,🟢 17%,🔴 0%,🔴 0%,🟢 17%,🟢 17%,50 %,50 %,0 %
PRONTO COPEC,PRONTO COPEC - RUTA 68 KM-105 0,2026-01-05 00:00:00,🟢 17%,🔴 0%,🔴 0%,🔴 0%,🟢 17%,🟢 17%,50 %,50 %,0 %
PRONTO COPEC,"PRONTO COPEC - RUTA F30 E KM 70 PARCELA 26 ,",2026-01-07 00:00:00,🟢 17%,🔴 0%,🔴 0%,🔴 0%,🔴 0%,🔴 0%,33 %,33 %,0 %
PRONTO COPEC,"PRONTO COPEC - SUCRESN, VIÑA DEL MAR S/N",2026-01-14 00:00:00,🟢 17%,🟢 17%,🔴 0%,🔴 0%,🟢 17%,🟢 17%,50 %,50 %,0 %
PUNTO COPEC,PUNTO COPEC NICARAGUA,2026-01-23 00:00:00,🟢 17%,🔴 0%,🔴 0%,🔴 0%,🔴 0%,🔴 0%,33 %,33 %,0 %
SHELL,AV OHIGGINS 2896 2896,2026-01-09 00:00:00,🟢 17%,🟢 17%,🔴 0%,🔴 0%,🟢 17%,🟢 17%,67 %,67 %,0 %
SHELL,AV TOBALABA 11835,2026-01-21 00:00:00,🟢 17%,🔴 0%,🔴 0%,🔴 0%,🔴 0%,🔴 0%,33 %,33 %,0 %
SHELL,Av. Calera de Tango paradero 13 Parader,2026-01-12 00:00:00,🟢 17%,🔴 0%,🔴 0%,🔴 0%,🔴 0%,🔴 0%,33 %,33 %,0 %
SHELL,"Av. los Carrera 398, Concepción 420",2026-01-23 00:00:00,🟢 17%,🔴 0%,🔴 0%,🔴 0%,🟢 17%,🟢 17%,50 %,50 %,0 %
SHELL,Avda argentina 1103,2026-01-21 00:00:00,🟢 17%,🟢 17%,🔴 0%,🔴 0%,🔴 0%,🔴 0%,50 %,50 %,0 %
SHELL,AVDA OSSA 800 800,2026-01-19 00:00:00,🟢 17%,🔴 0%,🔴 0%,🔴 0%,🔴 0%,🔴 0%,33 %,33 %,0 %
SHELL,AVDA.  COLON   8969 8968,2026-01-19 00:00:00,🟢 17%,🔴 0%,🔴 0%,🔴 0%,🟢 17%,🟢 17%,50 %,50 %,0 %
SHELL,"Avenida Américo Vespucio1828, Macul 1828",2026-01-21 00:00:00,🟢 17%,🔴 0%,🔴 0%,🔴 0%,🔴 0%,🔴 0%,33 %,33 %,0 %
SHELL,AVENIDA COLLIN 788,2026-01-09 00:00:00,🟢 17%,🟢 17%,🔴 0%,🔴 0%,🟢 17%,🟢 17%,67 %,67 %,0 %
SHELL,"Avenida Pedro Aguirre Cerda8450, Antofagasta",2026-01-14 00:00:00,🟢 17%,🟢 17%,🔴 0%,🔴 0%,🔴 0%,🔴 0%,50 %,50 %,0 %
SHELL,"Avenida Pedro Aguirre Cerda8450, Antofagasta",2026-01-26 00:00:00,🟢 17%,🟢 17%,🔴 0%,🔴 0%,🔴 0%,🔴 0%,50 %,50 %,0 %
SHELL,BALMACEDA 3507 3507,2026-01-20 00:00:00,🟢 17%,🔴 0%,🔴 0%,🔴 0%,🔴 0%,🔴 0%,33 %,33 %,0 %
SHELL,CAMILO HENRIQUEZ 3160,2026-01-26 00:00:00,🟢 17%,🔴 0%,🔴 0%,🔴 0%,🔴 0%,🔴 0%,33 %,33 %,0 %
SHELL,Caupolican 15 15,2026-01-21 00:00:00,🟢 17%,🟢 17%,🔴 0%,🔴 0%,🔴 0%,🔴 0%,50 %,50 %,0 %
SHELL,"Colón 3300, Talcahuano 3300",2026-01-22 00:00:00,🟢 17%,🔴 0%,🔴 0%,🔴 0%,🟢 17%,🟢 17%,50 %,50 %,0 %
SHELL,COMERCIAL DAS LIMITADA,2026-01-02 00:00:00,🟢 17%,🔴 0%,🔴 0%,🔴 0%,🔴 0%,🔴 0%,33 %,33 %,0 %
SHELL,COMERCIAL LAGUNA GRANDE SPA,2026-01-15 00:00:00,🟢 17%,🔴 0%,🔴 0%,🔴 0%,🟢 17%,🟢 17%,50 %,50 %,0 %
SHELL,COMERCIAL REHREN PALACIOS SPA,2026-01-02 00:00:00,🟢 17%,🔴 0%,🔴 0%,🔴 0%,🔴 0%,🔴 0%,33 %,33 %,0 %
SHELL,COMERCIAL REHREN PALACIOS SPA,2026-01-15 00:00:00,🟢 17%,🔴 0%,🔴 0%,🔴 0%,🔴 0%,🔴 0%,33 %,33 %,0 %
SHELL,COMERCIAL REHREN PALACIOS SPA,2026-01-26 00:00:00,🟢 17%,🟢 17%,🔴 0%,🔴 0%,🔴 0%,🔴 0%,50 %,50 %,0 %
SHELL,COMERCIAL Y DISTRIBUIDORA MACATI SPA,2026-01-23 00:00:00,🟢 17%,🔴 0%,🔴 0%,🔴 0%,🔴 0%,🔴 0%,33 %,33 %,0 %
SHELL,COMERZIALIZADORA Y SERVICIOS INTEGRALES LIMIT,2026-01-02 00:00:00,🟢 17%,🔴 0%,🔴 0%,🔴 0%,🔴 0%,🔴 0%,33 %,33 %,0 %
SHELL,COMERZIALIZADORA Y SERVICIOS INTEGRALES LIMIT,2026-01-13 00:00:00,🟢 17%,🟢 17%,🔴 0%,🔴 0%,🔴 0%,🔴 0%,50 %,50 %,0 %
SHELL,COMERZIALIZADORA Y SERVICIOS INTEGRALES LIMIT,2026-01-23 00:00:00,🟢 17%,🟢 17%,🔴 0%,🔴 0%,🔴 0%,🔴 0%,50 %,50 %,0 %
SHELL,CONCHA Y TORO 02464 02464,2026-01-26 00:00:00,🟢 17%,🔴 0%,🔴 0%,🔴 0%,🔴 0%,🔴 0%,33 %,33 %,0 %
SHELL,EYZAGUIRRE 1278,2026-01-12 00:00:00,🟢 17%,🔴 0%,🔴 0%,🔴 0%,🔴 0%,🔴 0%,33 %,33 %,0 %
SHELL,"Eyzaguirre1310, Cordillera 1310",2026-01-26 00:00:00,🟢 17%,🔴 0%,🔴 0%,🔴 0%,🔴 0%,🔴 0%,33 %,33 %,0 %
SHELL,FRANCISCO VILLAGRA 5681,2026-01-19 00:00:00,🔴 0%,🔴 0%,🔴 0%,🔴 0%,🟢 17%,🟢 17%,17 %,17 %,0 %
SHELL,FREIRE 16,2026-01-12 00:00:00,🟢 17%,🔴 0%,🔴 0%,🔴 0%,🔴 0%,🔴 0%,33 %,33 %,0 %
SHELL,GRAN JOSE MIGUEL CARRERA 14151 14151,2026-01-12 00:00:00,🟢 17%,🔴 0%,🔴 0%,🔴 0%,🔴 0%,🔴 0%,33 %,33 %,0 %
SHELL,INV.CLAUDIO DIAZ URIZAR E.I.R.L,2026-01-16 00:00:00,🟢 17%,🔴 0%,🔴 0%,🔴 0%,🔴 0%,🔴 0%,33 %,33 %,0 %
SHELL,INVERSIONES ENEX S.A.,2026-01-15 00:00:00,🟢 17%,🟢 17%,🔴 0%,🔴 0%,🔴 0%,🔴 0%,50 %,50 %,0 %
SHELL,INVERSIONES FERODA SPA,2026-01-21 00:00:00,🟢 17%,🟡 17%,🔴 0%,🔴 0%,🔴 0%,🔴 0%,33 %,50 %,17 %
SHELL,LOS CARRERA 218 218,2026-01-15 00:00:00,🟢 17%,🔴 0%,🔴 0%,🔴 0%,🟢 17%,🟢 17%,50 %,50 %,0 %
SHELL,MACUL 2675 2675,2026-01-19 00:00:00,🟢 17%,🔴 0%,🔴 0%,🔴 0%,🔴 0%,🔴 0%,33 %,33 %,0 %
SHELL,manuel rodriguez 2175 2175,2026-01-16 00:00:00,🟢 17%,🔴 0%,🔴 0%,🔴 0%,🟢 17%,🟢 17%,50 %,50 %,0 %
SHELL,MICHIMALONGO 1120 1120,2026-01-21 00:00:00,🟢 17%,🔴 0%,🔴 0%,🔴 0%,🟢 17%,🟢 17%,50 %,50 %,0 %
SHELL,Panamericana Norte 460,2026-01-16 00:00:00,🟢 17%,🟡 17%,🔴 0%,🔴 0%,🔴 0%,🔴 0%,33 %,50 %,17 %
SHELL,PANAMERICANA NORTE Km 265,2026-01-22 00:00:00,🟢 17%,🔴 0%,🔴 0%,🔴 0%,🔴 0%,🔴 0%,33 %,33 %,0 %
SHELL,"PF186-Parada / Lomas De Eyzaguirre, Puente Al",2026-01-26 00:00:00,🟢 17%,🔴 0%,🔴 0%,🔴 0%,🔴 0%,🔴 0%,33 %,33 %,0 %
SHELL,R.C.COMERCIAL LTDA.,2026-01-05 00:00:00,🟢 17%,🔴 0%,🔴 0%,🔴 0%,🟢 17%,🟢 17%,33 %,33 %,0 %
SHELL,S & H SERVICIOS SPA,2026-01-21 00:00:00,🟢 17%,🔴 0%,🔴 0%,🔴 0%,🔴 0%,🔴 0%,33 %,33 %,0 %
SHELL,SAAVEDRA Y CALDERÓN LTDA,2026-01-21 00:00:00,🟢 17%,🔴 0%,🔴 0%,🔴 0%,🔴 0%,🔴 0%,33 %,33 %,0 %
SHELL,SHELL - RUTA 68 S/N (SHELL PLACILLA) 520,2026-01-05 00:00:00,🟢 17%,🔴 0%,🔴 0%,🔴 0%,🔴 0%,🔴 0%,33 %,33 %,0 %
SHELL,SHELL BALMACEDA,2026-01-23 00:00:00,🟢 17%,🔴 0%,🔴 0%,🔴 0%,🔴 0%,🔴 0%,33 %,33 %,0 %
SHELL,SOC COM JERIA Y CIA LTDA,2026-01-21 00:00:00,🟢 17%,🔴 0%,🔴 0%,🔴 0%,🔴 0%,🔴 0%,33 %,33 %,0 %
SHELL,SOC GONZÁLEZ Y GONZÁLEZ LTDA,2026-01-23 00:00:00,🟢 17%,🔴 0%,🔴 0%,🔴 0%,🟢 17%,🟢 17%,33 %,33 %,0 %
SHELL,SOCIEDAD COMERCIAL SERVER SPA,2026-01-21 00:00:00,🟢 17%,🔴 0%,🔴 0%,🔴 0%,🔴 0%,🔴 0%,33 %,33 %,0 %
SHELL,SOCIEDAD COMERCIAL SERVET SPA,2026-01-23 00:00:00,🟢 17%,🔴 0%,🔴 0%,🔴 0%,🔴 0%,🔴 0%,33 %,33 %,0 %
SHELL,VACO SPA,2026-01-12 00:00:00,🟢 17%,🔴 0%,🔴 0%,🔴 0%,🔴 0%,🔴 0%,33 %,33 %,0 %
SHELL,VICUNA MACKENNA 9840 9840,2026-01-23 00:00:00,🟢 17%,🔴 0%,🔴 0%,🔴 0%,🟢 17%,🟢 17%,33 %,33 %,0 %
SHELL,WALKER MARTINEZ 1940,2026-01-23 00:00:00,🟢 17%,🔴 0%,🔴 0%,🔴 0%,🟢 17%,🟢 17%,50 %,50 %,0 %
SISA,SANTA ISABEL * 1 PONIENTE 811 * VIÑA DEL MAR,2026-01-16 00:00:00,🟢 17%,🟢 17%,🔴 0%,🔴 0%,🔴 0%,🔴 0%,50 %,50 %,0 %
SISA,SANTA ISABEL * 14 DE FEBRERO 2465 * ANTOFAGAS,2026-01-02 00:00:00,🟢 17%,🔴 0%,🔴 0%,🟢 17%,🟢 17%,🟢 17%,67 %,67 %,0 %
SISA,SANTA ISABEL * 14 DE FEBRERO 2465 * ANTOFAGAS,2026-01-14 00:00:00,🟢 17%,🟢 17%,🔴 0%,🟢 17%,🟢 17%,🟢 17%,83 %,83 %,0 %
SISA,SANTA ISABEL * 14 DE FEBRERO 2465 * ANTOFAGAS,2026-01-23 00:00:00,🟢 17%,🟢 17%,🔴 0%,🟢 17%,🟢 17%,🟢 17%,83 %,83 %,0 %
SISA,SANTA ISABEL * ALMIRANTE RIVEROS 1731 * VALPA,2026-01-08 00:00:00,🟢 17%,🔴 0%,🔴 0%,🔴 0%,🟢 17%,🟢 17%,50 %,50 %,0 %
SISA,SANTA ISABEL * ARLEGUI 948 * VIÑA DEL MAR,2026-01-16 00:00:00,🟢 17%,🟢 17%,🔴 0%,🔴 0%,🟢 17%,🟢 17%,67 %,67 %,0 %
SISA,SANTA ISABEL * AV FREIRE 2414 * QUILPUE,2026-01-12 00:00:00,🟢 17%,🟢 17%,🔴 0%,🔴 0%,🟢 17%,🟢 17%,67 %,67 %,0 %
SISA,SANTA ISABEL * AV MANUEL RODRIGUEZ 334 * CHIG,2026-01-16 00:00:00,🟢 17%,🟢 17%,🔴 0%,🔴 0%,🟢 17%,🟢 17%,67 %,67 %,0 %
SISA,SANTA ISABEL * AV MATTA 2356 * VALPARAISO,2026-01-06 00:00:00,🟢 17%,🔴 0%,🔴 0%,🔴 0%,🟢 17%,🟢 17%,50 %,50 %,0 %
SISA,SANTA ISABEL * AV MATTA 2356 * VALPARAISO,2026-01-26 00:00:00,🟢 17%,🟢 17%,🔴 0%,🔴 0%,🟢 17%,🟢 17%,67 %,67 %,0 %
SISA,SANTA ISABEL * AV. MANSO 533 * MELIPILLA,2026-01-13 00:00:00,🟢 17%,🟢 17%,🔴 0%,🔴 0%,🟡 17%,🟡 17%,50 %,67 %,17 %
SISA,SANTA ISABEL * AV. PANORAMICA 820 * LA SERENA,2026-01-19 00:00:00,🟢 17%,🟢 17%,🔴 0%,🔴 0%,🟢 17%,🟢 17%,67 %,67 %,0 %
SISA,SANTA ISABEL * AV. PANORAMICA 820 * LA SERENA,2026-01-26 00:00:00,🟢 17%,🟢 17%,🔴 0%,🔴 0%,🟢 17%,🟢 17%,67 %,67 %,0 %
SISA,SANTA ISABEL * AV.EL PORTAL DE SAN PEDRO 695,2026-01-21 00:00:00,🟢 17%,🟢 17%,🔴 0%,🔴 0%,🟢 17%,🟢 17%,67 %,67 %,0 %
SISA,SANTA ISABEL * AVDA BRASIL 1601 * VALPARAISO,2026-01-08 00:00:00,🟢 17%,🔴 0%,🔴 0%,🔴 0%,🟢 17%,🟢 17%,50 %,50 %,0 %
SISA,SANTA ISABEL * AVDA BRASIL 1601 * VALPARAISO,2026-01-26 00:00:00,🟢 17%,🟢 17%,🔴 0%,🔴 0%,🔴 0%,🔴 0%,50 %,50 %,0 %
SISA,SANTA ISABEL * AVDA GABRIELA MISTRAL 3250 * L,2026-01-19 00:00:00,🟢 17%,🟢 17%,🔴 0%,🟢 17%,🔴 0%,🔴 0%,50 %,50 %,0 %
SISA,SANTA ISABEL * AVDA JOSE MANUEL BALMACEDA 303,2026-01-16 00:00:00,🟢 17%,🟢 17%,🔴 0%,🔴 0%,🟢 17%,🟢 17%,67 %,67 %,0 %
SISA,SANTA ISABEL * AVDA LA CANTERA 1955 * COQUIMB,2026-01-21 00:00:00,🟢 17%,🟢 17%,🔴 0%,🟢 17%,🟢 17%,🟢 17%,83 %,83 %,0 %
SISA,SANTA ISABEL * AVDA VICUÑA MACKENNA 2003 * PE,2026-01-13 00:00:00,🟢 17%,🟢 17%,🔴 0%,🔴 0%,🟢 17%,🟢 17%,67 %,67 %,0 %
SISA,SANTA ISABEL * AVDA. VICUÑA MAKENNA 1372 * ME,2026-01-13 00:00:00,🟢 17%,🟢 17%,🔴 0%,🔴 0%,🟢 17%,🟢 17%,67 %,67 %,0 %
SISA,SANTA ISABEL * AVENIDA LIBERTAD 1348 * VIÑA D,2026-01-18 00:00:00,🟢 17%,🟢 17%,🔴 0%,🔴 0%,🔴 0%,🔴 0%,50 %,50 %,0 %
SISA,SANTA ISABEL * AVENIDA MANUEL RODRIGUEZ 2150,2026-01-16 00:00:00,🟢 17%,🟢 17%,🔴 0%,🔴 0%,🟢 17%,🟢 17%,67 %,67 %,0 %
SISA,SANTA ISABEL * AVENIDA PABLO NERUDA 2050 * TE,2026-01-05 00:00:00,🟢 17%,🔴 0%,🔴 0%,🔴 0%,🟢 17%,🟢 17%,50 %,50 %,0 %
SISA,SANTA ISABEL * AVENIDA PABLO NERUDA 2050 * TE,2026-01-22 00:00:00,🟢 17%,🟢 17%,🔴 0%,🟢 17%,🟢 17%,🟢 17%,83 %,83 %,0 %
SISA,SANTA ISABEL * AVENIDA PEDRO MONTT 1845 * VAL,2026-01-08 00:00:00,🟢 17%,🔴 0%,🔴 0%,🟢 17%,🟢 17%,🟢 17%,67 %,67 %,0 %
SISA,SANTA ISABEL * AVENIDA PEDRO MONTT 1845 * VAL,2026-01-26 00:00:00,🟢 17%,🟢 17%,🔴 0%,🟢 17%,🟢 17%,🟢 17%,83 %,83 %,0 %
SISA,SANTA ISABEL * AVENIDA VICUÑA MACKENNA 202 *,2026-01-13 00:00:00,🟢 17%,🟢 17%,🔴 0%,🔴 0%,🟢 17%,🟢 17%,67 %,67 %,0 %
SISA,SANTA ISABEL * BERNARDO LEIGHTON 71,2026-01-06 00:00:00,🟢 17%,🔴 0%,🔴 0%,🟢 17%,🔴 0%,🔴 0%,50 %,50 %,0 %
SISA,SANTA ISABEL * BULNES 279 * TEMUCO,2026-01-20 00:00:00,🟢 17%,🟢 17%,🔴 0%,🔴 0%,🟢 17%,🟢 17%,67 %,67 %,0 %
SISA,SANTA ISABEL * BULNES 279 * TEMUCO,2026-01-21 00:00:00,🟢 17%,🟢 17%,🔴 0%,🔴 0%,🟢 17%,🟢 17%,67 %,67 %,0 %
SISA,SANTA ISABEL * CARDENAL SAMORE 2335 * CURAUMA,2026-01-05 00:00:00,🟢 17%,🔴 0%,🔴 0%,🟢 17%,🟢 17%,🟢 17%,67 %,67 %,0 %
SISA,SANTA ISABEL * CARRERA 499 * TEMUCO,2026-01-21 00:00:00,🟢 17%,🟢 17%,🔴 0%,🔴 0%,🟢 17%,🟢 17%,67 %,67 %,0 %
SISA,SANTA ISABEL * CAUPOLICAN 650 * TEMUCO,2026-01-22 00:00:00,🟢 17%,🟢 17%,🔴 0%,🔴 0%,🟢 17%,🟢 17%,67 %,67 %,0 %
SISA,SANTA ISABEL * CIENFUEGOS 527 * LA SERENA,2026-01-16 00:00:00,🟢 17%,🟢 17%,🔴 0%,🔴 0%,🟢 17%,🟢 17%,67 %,67 %,0 %
SISA,SANTA ISABEL * CLAUDIO VICUNA 696 * QUILPUE,2026-01-19 00:00:00,🟢 17%,🟢 17%,🔴 0%,🔴 0%,🟢 17%,🟢 17%,67 %,67 %,0 %
SISA,SANTA ISABEL * DIEGO PORTALES 802 L102 * QUIL,2026-01-19 00:00:00,🟢 17%,🟢 17%,🔴 0%,🔴 0%,🟢 17%,🟢 17%,67 %,67 %,0 %
SISA,SANTA ISABEL * EL LIBERTADOR 1400 * LA SERENA,2026-01-16 00:00:00,🟢 17%,🟢 17%,🔴 0%,🔴 0%,🟢 17%,🟢 17%,67 %,67 %,0 %
SISA,SANTA ISABEL * FREIRE 455 * CONCEPCION,2026-01-15 00:00:00,🟢 17%,🟢 17%,🔴 0%,🟢 17%,🟢 17%,🟢 17%,83 %,83 %,0 %
SISA,SANTA ISABEL * FREIRE 496 * QUILPUE,2026-01-12 00:00:00,🟢 17%,🟢 17%,🔴 0%,🔴 0%,🟢 17%,🟢 17%,67 %,67 %,0 %
SISA,SANTA ISABEL * FUNDO LA VIÑA / CAMINO PUBLICO,2026-01-06 00:00:00,🟢 17%,🔴 0%,🔴 0%,🔴 0%,🟢 17%,🟢 17%,50 %,50 %,0 %
SISA,SANTA ISABEL * GRANADEROS 3671 * CALAMA,2026-01-07 00:00:00,🟢 17%,🔴 0%,🔴 0%,🔴 0%,🟢 17%,🟢 17%,50 %,50 %,0 %
SISA,SANTA ISABEL * J J PEREZ 102 * CALERA,2026-01-22 00:00:00,🟢 17%,🔴 0%,🔴 0%,🔴 0%,🟢 17%,🟢 17%,50 %,50 %,0 %
SISA,SANTA ISABEL * JORGE KENRICK 35 * VALPARAISO,2026-01-08 00:00:00,🟢 17%,🔴 0%,🔴 0%,🔴 0%,🟢 17%,🟢 17%,50 %,50 %,0 %
SISA,SANTA ISABEL * JORGE KENRICK 35 * VALPARAISO,2026-01-26 00:00:00,🟢 17%,🟢 17%,🔴 0%,🔴 0%,🟢 17%,🟢 17%,67 %,67 %,0 %
SISA,SANTA ISABEL * LAS BARRANCAS 2460 * QUILPUE,2026-01-06 00:00:00,🟢 17%,🔴 0%,🔴 0%,🔴 0%,🟢 17%,🟢 17%,50 %,50 %,0 %
SISA,SANTA ISABEL * LAS BARRANCAS 2460 * QUILPUE,2026-01-19 00:00:00,🟢 17%,🟢 17%,🔴 0%,🔴 0%,🟢 17%,🟢 17%,67 %,67 %,0 %
SISA,SANTA ISABEL * LEVARTE / PLAYA ANCHA 840 * VA,2026-01-08 00:00:00,🟢 17%,🔴 0%,🔴 0%,🔴 0%,🔴 0%,🔴 0%,33 %,33 %,0 %
SISA,SANTA ISABEL * LEVARTE / PLAYA ANCHA 840 * VA,2026-01-26 00:00:00,🟢 17%,🟢 17%,🔴 0%,🔴 0%,🟢 17%,🟢 17%,67 %,67 %,0 %
SISA,SANTA ISABEL * LIMACHE 027 * VIÑA DEL MAR,2026-01-18 00:00:00,🟢 17%,🟢 17%,🔴 0%,🔴 0%,🟢 17%,🟢 17%,67 %,67 %,0 %
SISA,SANTA ISABEL * LOS CANELOS 422 * VIÑA DEL MAR,2026-01-19 00:00:00,🟢 17%,🟢 17%,🔴 0%,🔴 0%,🟢 17%,🟢 17%,67 %,67 %,0 %
SISA,SANTA ISABEL * LOS CARRERA 1031 * QUILPUE,2026-01-06 00:00:00,🟢 17%,🔴 0%,🔴 0%,🟢 17%,🟢 17%,🟢 17%,67 %,67 %,0 %
SISA,SANTA ISABEL * LOS CARRERA 1031 * QUILPUE,2026-01-19 00:00:00,🟢 17%,🟢 17%,🔴 0%,🟢 17%,🟢 17%,🟢 17%,83 %,83 %,0 %
SISA,SANTA ISABEL * LOS CARRERA 811 * QUILPUE,2026-01-19 00:00:00,🟢 17%,🟢 17%,🔴 0%,🔴 0%,🟢 17%,🟢 17%,67 %,67 %,0 %
SISA,SANTA ISABEL * LOS CREADORES 191 * TEMUCO,2026-01-22 00:00:00,🟢 17%,🟢 17%,🔴 0%,🔴 0%,🟢 17%,🟢 17%,67 %,67 %,0 %
SISA,SANTA ISABEL * MAIPU 646 * ANTOFAGASTA,2026-01-02 00:00:00,🟢 17%,🔴 0%,🔴 0%,🔴 0%,🟢 17%,🟢 17%,50 %,50 %,0 %
SISA,SANTA ISABEL * MAIPU 646 * ANTOFAGASTA,2026-01-14 00:00:00,🟢 17%,🔴 0%,🔴 0%,🔴 0%,🟢 17%,🟢 17%,50 %,50 %,0 %
SISA,SANTA ISABEL * MAIPU 646 * ANTOFAGASTA,2026-01-23 00:00:00,🟢 17%,🔴 0%,🔴 0%,🔴 0%,🟢 17%,🟢 17%,50 %,50 %,0 %
SISA,SANTA ISABEL * MANUEL MONTT 1100 * TEMUCO,2026-01-19 00:00:00,🟢 17%,🟢 17%,🔴 0%,🔴 0%,🟢 17%,🟢 17%,67 %,67 %,0 %
SISA,SANTA ISABEL * MANUEL RODRIGUEZ 1190 * TEMUCO,2026-01-20 00:00:00,🟢 17%,🟢 17%,🔴 0%,🔴 0%,🟢 17%,🟢 17%,67 %,67 %,0 %
SISA,SANTA ISABEL * MANUEL RODRIGUEZ 1190 * TEMUCO,2026-01-22 00:00:00,🟢 17%,🟢 17%,🔴 0%,🔴 0%,🟢 17%,🟢 17%,67 %,67 %,0 %
SISA,SANTA ISABEL * MICHIMALONGO 1840 * SAN PEDRO,2026-01-21 00:00:00,🟢 17%,🟢 17%,🔴 0%,🔴 0%,🟢 17%,🟢 17%,67 %,67 %,0 %
SISA,SANTA ISABEL * PALMIRA ROMANO SUR 405 * LIMAC,2026-01-06 00:00:00,🟢 17%,🔴 0%,🔴 0%,🟢 17%,🟢 17%,🟢 17%,67 %,67 %,0 %
SISA,SANTA ISABEL * QUILLOTA 441 * VIÑA DEL MAR,2026-01-19 00:00:00,🟢 17%,🟢 17%,🔴 0%,🔴 0%,🟢 17%,🟢 17%,67 %,67 %,0 %
SISA,SANTA ISABEL * RAFAEL SOTOMAYOR 230 * VIÑA DE,2026-01-09 00:00:00,🟢 17%,🔴 0%,🔴 0%,🔴 0%,🟢 17%,🟢 17%,50 %,50 %,0 %
SISA,SANTA ISABEL * RAMON CARRASCO 80 * CONCEPCION,2026-01-13 00:00:00,🟢 17%,🟢 17%,🔴 0%,🟢 17%,🟢 17%,🟢 17%,83 %,83 %,0 %
SISA,SANTA ISABEL * URUGUAY 350 * VALPARAISO,2026-01-08 00:00:00,🟢 17%,🔴 0%,🔴 0%,🔴 0%,🟢 17%,🟢 17%,50 %,50 %,0 %
SISA,SANTA ISABEL * VILLANELO 236 * VIÑA DEL MAR,2026-01-19 00:00:00,🟢 17%,🟢 17%,🔴 0%,🔴 0%,🟢 17%,🟢 17%,67 %,67 %,0 %
SISA,SANTA ISABEL * ZENTENO 232 * LA CALERA,2026-01-22 00:00:00,🟢 17%,🟢 17%,🔴 0%,🔴 0%,🟢 17%,🟢 17%,67 %,67 %,0 %
SPID,CENCOSUD RETAIL S.A.,2026-01-15 00:00:00,🔴 0%,🔴 0%,🔴 0%,🔴 0%,🔴 0%,🔴 0%,0 %,0 %,0 %
SPID,O415-SPID LOS DOMINICOS,2026-01-14 00:00:00,🔴 0%,🔴 0%,🔴 0%,🔴 0%,🔴 0%,🔴 0%,0 %,0 %,0 %
SPID,O439-SPID EL TRANQUE,2026-01-14 00:00:00,🔴 0%,🔴 0%,🔴 0%,🔴 0%,🔴 0%,🔴 0%,0 %,0 %,0 %
SPID,O440-SPID SAN SEBASTIAN,2026-01-15 00:00:00,🔴 0%,🔴 0%,🔴 0%,🔴 0%,🔴 0%,🔴 0%,0 %,0 %,0 %
SPID,O443-SPID LAS BRUJAS,2026-01-16 00:00:00,🔴 0%,🔴 0%,🔴 0%,🔴 0%,🔴 0%,🔴 0%,0 %,0 %,0 %
SPID,O444-SPID SUCRE,2026-01-16 00:00:00,🔴 0%,🔴 0%,🔴 0%,🔴 0%,🔴 0%,🔴 0%,0 %,0 %,0 %
SPID,O476-SPID BROWN SUR,2026-01-15 00:00:00,🔴 0%,🔴 0%,🔴 0%,🔴 0%,🔴 0%,🔴 0%,0 %,0 %,0 %
SPID,O477-SPID MANQUEHUE NORTE,2026-01-14 00:00:00,🔴 0%,🔴 0%,🔴 0%,🔴 0%,🔴 0%,🔴 0%,0 %,0 %,0 %
SPID,O478-SPID PRESIDENTE RIESCO,2026-01-15 00:00:00,🔴 0%,🔴 0%,🔴 0%,🔴 0%,🔴 0%,🔴 0%,0 %,0 %,0 %
SPID,O480-SPID LA PLAZA,2026-01-14 00:00:00,🔴 0%,🔴 0%,🔴 0%,🔴 0%,🔴 0%,🔴 0%,0 %,0 %,0 %
SPID,O481-SPID NAVIDAD,2026-01-14 00:00:00,🔴 0%,🔴 0%,🔴 0%,🔴 0%,🔴 0%,🔴 0%,0 %,0 %,0 %
SPID,O482-SPID LAS CARMELITAS,2026-01-15 00:00:00,🔴 0%,🔴 0%,🔴 0%,🔴 0%,🔴 0%,🔴 0%,0 %,0 %,0 %
SPID,O485-SPID APOQUINDO VECINAL,2026-01-14 00:00:00,🔴 0%,🔴 0%,🔴 0%,🔴 0%,🔴 0%,🔴 0%,0 %,0 %,0 %
SPID,O487-SPID ROSARIO NORTE,2026-01-15 00:00:00,🔴 0%,🔴 0%,🔴 0%,🔴 0%,🔴 0%,🔴 0%,0 %,0 %,0 %
SPID,O492-SPID LOS LEONES II,2026-01-15 00:00:00,🔴 0%,🔴 0%,🔴 0%,🔴 0%,🔴 0%,🔴 0%,0 %,0 %,0 %
SPID,O493-SPID TABANCURA,2026-01-14 00:00:00,🔴 0%,🔴 0%,🔴 0%,🔴 0%,🔴 0%,🔴 0%,0 %,0 %,0 %
SPID,O495-SPID MORANDE,2026-01-16 00:00:00,🔴 0%,🔴 0%,🔴 0%,🔴 0%,🔴 0%,🔴 0%,0 %,0 %,0 %
SPID,O496-SPID LOS TRIGALES,2026-01-14 00:00:00,🔴 0%,🔴 0%,🔴 0%,🔴 0%,🔴 0%,🔴 0%,0 %,0 %,0 %
SPID,O498-SPID CERRO EL PLOMO,2026-01-14 00:00:00,🔴 0%,🔴 0%,🔴 0%,🔴 0%,🔴 0%,🔴 0%,0 %,0 %,0 %
SPID,O862-SPID IRARRAZABAL,2026-01-15 00:00:00,🔴 0%,🔴 0%,🔴 0%,🔴 0%,🔴 0%,🔴 0%,0 %,0 %,0 %
SPID,O865-SPID SAN DAMIAN,2026-01-14 00:00:00,🔴 0%,🔴 0%,🔴 0%,🔴 0%,🔴 0%,🔴 0%,0 %,0 %,0 %
SPID,SPID AEROPUERTO,2026-01-16 00:00:00,🔴 0%,🔴 0%,🔴 0%,🔴 0%,🔴 0%,🔴 0%,0 %,0 %,0 %
SSRR,ALDUNATE 485,2026-01-20 00:00:00,🟢 17%,🔴 0%,🔴 0%,🔴 0%,🟢 17%,🟢 17%,33 %,33 %,0 %
SSRR,ALVI,2026-01-09 00:00:00,🟢 17%,🔴 0%,🔴 0%,🔴 0%,🔴 0%,🔴 0%,33 %,33 %,0 %
SSRR,ANIBAL PINTO 1828,2026-01-23 00:00:00,🟢 17%,🔴 0%,🔴 0%,🔴 0%,🟢 17%,🟢 17%,50 %,50 %,0 %
SSRR,ANIBAL PINTO 278,2026-01-19 00:00:00,🟢 17%,🟢 17%,🔴 0%,🔴 0%,🔴 0%,🔴 0%,50 %,50 %,0 %
SSRR,ARAMCO REÑACA,2026-01-09 00:00:00,🟢 17%,🔴 0%,🔴 0%,🔴 0%,🟢 17%,🟢 17%,33 %,33 %,0 %
SSRR,AVENIDA PEDRO DE VALDIVIA 950,2026-01-12 00:00:00,🟢 17%,🔴 0%,🔴 0%,🔴 0%,🟢 17%,🟢 17%,50 %,50 %,0 %
SSRR,AVENIDA PRAT 71,2026-01-12 00:00:00,🟢 17%,🔴 0%,🔴 0%,🔴 0%,🟢 17%,🟢 17%,50 %,50 %,0 %
SSRR,"AVENIDA SAN PEDRO 25, SAN PEDRO DE LA PAZ",2026-01-21 00:00:00,🟢 17%,🔴 0%,🔴 0%,🔴 0%,🟢 17%,🟢 17%,50 %,50 %,0 %
SSRR,BARROS ARANA 01750,2026-01-02 00:00:00,🟢 17%,🔴 0%,🔴 0%,🔴 0%,🟢 17%,🟢 17%,33 %,33 %,0 %
SSRR,BARROS ARANA 375,2026-01-19 00:00:00,🟢 17%,🔴 0%,🔴 0%,🔴 0%,🟢 17%,🟢 17%,33 %,33 %,0 %
SSRR,BULNES 13,2026-01-19 00:00:00,🟢 17%,🔴 0%,🔴 0%,🔴 0%,🔴 0%,🔴 0%,33 %,33 %,0 %
SSRR,CAMINO SEGUNDA FAJ1500,2026-01-23 00:00:00,🟢 17%,🟢 17%,🔴 0%,🔴 0%,🟢 17%,🟢 17%,67 %,67 %,0 %
SSRR,CAUPOLICAN 755,2026-01-23 00:00:00,🟢 17%,🔴 0%,🔴 0%,🔴 0%,🟢 17%,🟢 17%,50 %,50 %,0 %
SSRR,COMERCIALIZADORA VITHAL EDUARDO NICANOR GRANT,2026-01-23 00:00:00,🟢 17%,🟢 17%,🔴 0%,🔴 0%,🟢 17%,🟢 17%,50 %,50 %,0 %
SSRR,CRISTOBAL COLON 2856,2026-01-22 00:00:00,🟢 17%,🔴 0%,🔴 0%,🔴 0%,🟢 17%,🟢 17%,50 %,50 %,0 %
SSRR,ELTIT CAMINO INTERNACIONAL,2026-01-16 00:00:00,🟢 17%,🟢 17%,🔴 0%,🟢 17%,🟢 17%,🟢 17%,83 %,83 %,0 %
SSRR,ELTIT PEDRO DE VALDIVIA 899,2026-01-23 00:00:00,🟢 17%,🟢 17%,🔴 0%,🟡 17%,🟢 17%,🟢 17%,67 %,83 %,17 %
SSRR,ELTIT SATURNINO EPULEF 1520,2026-01-16 00:00:00,🟢 17%,🟢 17%,🔴 0%,🟢 17%,🟢 17%,🟢 17%,83 %,83 %,0 %
SSRR,GENERAL URRUTIA 670,2026-01-16 00:00:00,🟢 17%,🟢 17%,🔴 0%,🔴 0%,🟢 17%,🟢 17%,67 %,67 %,0 %
SSRR,GENERAL URRUTIA 670,2026-01-23 00:00:00,🟢 17%,🔴 0%,🔴 0%,🔴 0%,🔴 0%,🔴 0%,33 %,33 %,0 %
SSRR,LOS Mañios 7373,2026-01-21 00:00:00,🟢 17%,🔴 0%,🔴 0%,🔴 0%,🟢 17%,🟢 17%,50 %,50 %,0 %
SSRR,"LOS NOTROS, LAGUNILLAS 1261",2026-01-20 00:00:00,🟢 17%,🔴 0%,🔴 0%,🔴 0%,🟢 17%,🟢 17%,50 %,50 %,0 %
SSRR,MAIPU 2099,2026-01-15 00:00:00,🟢 17%,🔴 0%,🔴 0%,🔴 0%,🟢 17%,🟢 17%,50 %,50 %,0 %
SSRR,MANUEL RODRIGUEZ 3072,2026-01-16 00:00:00,🟢 17%,🔴 0%,🔴 0%,🔴 0%,🟢 17%,🟢 17%,50 %,50 %,0 %
SSRR,MANUEL RODRIGUEZ 376,2026-01-16 00:00:00,🟢 17%,🔴 0%,🔴 0%,🔴 0%,🟢 17%,🟢 17%,50 %,50 %,0 %
SSRR,MERCADOS EXPRESS SPA,2026-01-12 00:00:00,🔴 0%,🔴 0%,🔴 0%,🔴 0%,🔴 0%,🔴 0%,0 %,0 %,0 %
SSRR,NAHUEN LTDA,2026-01-23 00:00:00,🟢 17%,🟢 17%,🔴 0%,🔴 0%,🔴 0%,🔴 0%,50 %,50 %,0 %
SSRR,PINTO 130,2026-01-19 00:00:00,🟢 17%,🔴 0%,🔴 0%,🔴 0%,🔴 0%,🔴 0%,33 %,33 %,0 %
SSRR,PRONTO COPEC,2026-01-07 00:00:00,🟢 17%,🔴 0%,🔴 0%,🔴 0%,🔴 0%,🔴 0%,33 %,33 %,0 %
SSRR,"Rudecindo Ortega 1850, Temuco 01900",2026-01-02 00:00:00,🟢 17%,🔴 0%,🔴 0%,🔴 0%,🟢 17%,🟢 17%,33 %,33 %,0 %
SSRR,SANTA ISABEL * SISA SEGUNDA FAJA* VILLARRICA,2026-01-23 00:00:00,🟢 17%,🟢 17%,🔴 0%,🔴 0%,🟢 17%,🟢 17%,50 %,50 %,0 %
SSRR,SARGENTO ALDEA 855,2026-01-09 00:00:00,🟢 17%,🟢 17%,🔴 0%,🔴 0%,🟢 17%,🟢 17%,67 %,67 %,0 %
SSRR,VICUÑA MACKENA 450,2026-01-20 00:00:00,🟢 17%,🔴 0%,🔴 0%,🔴 0%,🔴 0%,🔴 0%,33 %,33 %,0 %
SSRR,VILLA ALEGRE 774,2026-01-20 00:00:00,🟢 17%,🔴 0%,🔴 0%,🔴 0%,🔴 0%,🔴 0%,33 %,33 %,0 %
SUPER 10,SUPER 10 * BADEN POWELL 36 * QUILPUE,2026-01-12 00:00:00,🟢 17%,🟢 17%,🔴 0%,🔴 0%,🟢 17%,🟢 17%,67 %,67 %,0 %
SUPER 10,SUPER 10 * CARRERA 949 * LA CALERA,2026-01-22 00:00:00,🟢 17%,🔴 0%,🔴 0%,🔴 0%,🟢 17%,🟢 17%,50 %,50 %,0 %
TOTTUS,TOTTUS * AV VICUNA MACKENNA 1000 * VIÑA DEL M,2026-01-09 00:00:00,🟢 17%,🔴 0%,🔴 0%,🔴 0%,🔴 0%,🔴 0%,33 %,33 %,0 %
TOTTUS,TOTTUS * AV. JORGE ALESSANDRI 3177 * TALCAHUA,2026-01-13 00:00:00,🟢 17%,🟢 17%,🔴 0%,🔴 0%,🟢 17%,🟢 17%,67 %,67 %,0 %
TOTTUS,TOTTUS * AV. PEDRO AGUIRRE CERDA 1057 B * ANT,2026-01-15 00:00:00,🟢 17%,🟢 17%,🔴 0%,🟢 17%,🟢 17%,🟢 17%,83 %,83 %,0 %
TOTTUS,TOTTUS * AVDA BALMACEDA 2355 * ANTOFAGASTA,2026-01-02 00:00:00,🟢 17%,🔴 0%,🔴 0%,🟢 17%,🟢 17%,🟢 17%,67 %,67 %,0 %
TOTTUS,TOTTUS * AVDA BALMACEDA 2355 * ANTOFAGASTA,2026-01-13 00:00:00,🟢 17%,🟢 17%,🔴 0%,🟢 17%,🟢 17%,🟢 17%,83 %,83 %,0 %
TOTTUS,TOTTUS * AVDA BALMACEDA 2355 * ANTOFAGASTA,2026-01-23 00:00:00,🟢 17%,🟢 17%,🔴 0%,🟢 17%,🟢 17%,🟢 17%,83 %,83 %,0 %
TOTTUS,TOTTUS * AVDA FREIRE 120 * QUILPUE,2026-01-12 00:00:00,🟢 17%,🟢 17%,🔴 0%,🔴 0%,🟢 17%,🟢 17%,67 %,67 %,0 %
TOTTUS,TOTTUS * AVENIDA FRANCIA 748-798 * VALPARAISO,2026-01-08 00:00:00,🟢 17%,🔴 0%,🔴 0%,🔴 0%,🟢 17%,🟢 17%,50 %,50 %,0 %
TOTTUS,TOTTUS * AVENIDA LOS CARRERA PONIENTE 301 * C,2026-01-15 00:00:00,🟢 17%,🔴 0%,🔴 0%,🟢 17%,🟢 17%,🟢 17%,67 %,67 %,0 %
TOTTUS,TOTTUS * CONDELL 2639 * ANTOFAGASTA,2026-01-02 00:00:00,🟢 17%,🔴 0%,🔴 0%,🟢 17%,🔴 0%,🔴 0%,50 %,50 %,0 %
TOTTUS,TOTTUS * CONDELL 2639 * ANTOFAGASTA,2026-01-14 00:00:00,🟢 17%,🟢 17%,🔴 0%,🔴 0%,🔴 0%,🔴 0%,50 %,50 %,0 %
TOTTUS,TOTTUS * CONDELL 2639 * ANTOFAGASTA,2026-01-23 00:00:00,🟢 17%,🟢 17%,🔴 0%,🔴 0%,🔴 0%,🔴 0%,50 %,50 %,0 %
TOTTUS,TOTTUS * ECUADOR 599 * CHILLAN,2026-01-02 00:00:00,🟢 17%,🔴 0%,🔴 0%,🔴 0%,🟢 17%,🟢 17%,50 %,50 %,0 %
TOTTUS,TOTTUS * GRANADEROS 3657 * CALAMA,2026-01-07 00:00:00,🟢 17%,🔴 0%,🔴 0%,🟢 17%,🔴 0%,🔴 0%,50 %,50 %,0 %
TOTTUS,TOTTUS * ISIDORO GAETE 476 * PUCHUNCAVI,2026-01-07 00:00:00,🟢 17%,🔴 0%,🔴 0%,🔴 0%,🟢 17%,🟢 17%,50 %,50 %,0 %
TOTTUS,TOTTUS * PROLONGACION J J PEREZ 1210 * LA CAL,2026-01-22 00:00:00,🟢 17%,🟢 17%,🔴 0%,🔴 0%,🟢 17%,🟢 17%,67 %,67 %,0 %
UNIMARC,(2148620) - ALVI LA SERENA,2026-01-19 00:00:00,🟢 17%,🟢 17%,🔴 0%,🔴 0%,🔴 0%,🔴 0%,50 %,50 %,0 %
UNIMARC,(3086) - ALVI TEMUCO,2026-01-02 00:00:00,🟢 17%,🔴 0%,🔴 0%,🔴 0%,🔴 0%,🔴 0%,33 %,33 %,0 %
UNIMARC,(3086) - ALVI TEMUCO,2026-01-19 00:00:00,🟢 17%,🟢 17%,🔴 0%,🔴 0%,🔴 0%,🔴 0%,50 %,50 %,0 %
UNIMARC,ALVI TOBALABA,2026-01-21 00:00:00,🟢 17%,🔴 0%,🔴 0%,🔴 0%,🔴 0%,🔴 0%,17 %,17 %,0 %
UNIMARC,UNIMARC * 1 NORTE 869 * VIÑA DEL MAR,2026-01-19 00:00:00,🟢 17%,🟢 17%,🔴 0%,🔴 0%,🟢 17%,🟢 17%,67 %,67 %,0 %
UNIMARC,UNIMARC * 21 DE MAYO1704 * TOCOPILLA,2026-01-09 00:00:00,🟢 17%,🔴 0%,🔴 0%,🔴 0%,🟢 17%,🟢 17%,50 %,50 %,0 %
UNIMARC,UNIMARC * 4 PONIENTE 630 * VIÑA DEL MAR,2026-01-19 00:00:00,🟢 17%,🟢 17%,🔴 0%,🔴 0%,🟢 17%,🟢 17%,67 %,67 %,0 %
UNIMARC,UNIMARC * 5 DE ABRIL 864 * CHILLAN,2026-01-02 00:00:00,🟢 17%,🔴 0%,🔴 0%,🔴 0%,🟢 17%,🟢 17%,50 %,50 %,0 %
UNIMARC,UNIMARC * 8 ORIENTE 720 * CHIGUAYANTE,2026-01-12 00:00:00,🟢 17%,🟢 17%,🔴 0%,🔴 0%,🟢 17%,🟢 17%,67 %,67 %,0 %
UNIMARC,UNIMARC * 8 ORIENTE 720 * CHIGUAYANTE,2026-01-26 00:00:00,🔴 0%,🔴 0%,🔴 0%,🔴 0%,🔴 0%,🔴 0%,0 %,0 %,0 %
UNIMARC,UNIMARC * ANÍBAL PINTO 72 * TEMUCO,2026-01-19 00:00:00,🟢 17%,🟢 17%,🔴 0%,🔴 0%,🟢 17%,🟢 17%,67 %,67 %,0 %
UNIMARC,UNIMARC * AV MONJITAS ORIENTE 2706 * LA SEREN,2026-01-16 00:00:00,🟢 17%,🟢 17%,🔴 0%,🔴 0%,🟢 17%,🟢 17%,67 %,67 %,0 %
UNIMARC,UNIMARC * AV NORMANDIE 2680 * VIÑA DEL MAR,2026-01-07 00:00:00,🟢 17%,🔴 0%,🔴 0%,🔴 0%,🔴 0%,🔴 0%,33 %,33 %,0 %
UNIMARC,UNIMARC * AV PDTE EDUARDO FREI 162 * CAÑETE,2026-01-14 00:00:00,🟢 17%,🟢 17%,🔴 0%,🔴 0%,🟢 17%,🟢 17%,67 %,67 %,0 %
UNIMARC,UNIMARC * AV PEDRO AGUIRRE CERDA 11385 * ANTO,2026-01-02 00:00:00,🟢 17%,🔴 0%,🔴 0%,🔴 0%,🟢 17%,🟢 17%,50 %,50 %,0 %
UNIMARC,UNIMARC * AV PEDRO AGUIRRE CERDA 11385 * ANTO,2026-01-15 00:00:00,🟢 17%,🟢 17%,🔴 0%,🔴 0%,🟢 17%,🟢 17%,67 %,67 %,0 %
UNIMARC,UNIMARC * AV PEDRO AGUIRRE CERDA 11385 * ANTO,2026-01-26 00:00:00,🟢 17%,🟢 17%,🔴 0%,🔴 0%,🟢 17%,🟢 17%,67 %,67 %,0 %
UNIMARC,UNIMARC * AV. 5 DE ABRIL 574 * CHILLAN,2026-01-02 00:00:00,🟢 17%,🔴 0%,🔴 0%,🔴 0%,🟢 17%,🟢 17%,50 %,50 %,0 %
UNIMARC,UNIMARC * AVDA CUATRO ESQUINAS PARCELA F S/N,2026-01-20 00:00:00,🟢 17%,🟢 17%,🔴 0%,🟢 17%,🟢 17%,🟢 17%,83 %,83 %,0 %
UNIMARC,UNIMARC * AVDA. ANGAMOS 159 * ANTOFAGASTA,2026-01-12 00:00:00,🟢 17%,🟢 17%,🔴 0%,🔴 0%,🔴 0%,🔴 0%,50 %,50 %,0 %
UNIMARC,UNIMARC * AVDA. ANGAMOS 159 * ANTOFAGASTA,2026-01-21 00:00:00,🟢 17%,🟢 17%,🔴 0%,🟢 17%,🔴 0%,🔴 0%,67 %,67 %,0 %
UNIMARC,UNIMARC * AVDA. EL SAUCE 981 * COQUIMBO,2026-01-16 00:00:00,🟢 17%,🟢 17%,🔴 0%,🔴 0%,🟢 17%,🟢 17%,67 %,67 %,0 %
UNIMARC,UNIMARC * AVDA. OHIGGINS 2305 * CHILLAN,2026-01-02 00:00:00,🟢 17%,🔴 0%,🔴 0%,🔴 0%,🟢 17%,🟢 17%,50 %,50 %,0 %
UNIMARC,UNIMARC * AVENIDA ARGENTINA 1910 * ANTOFAGAST,2026-01-14 00:00:00,🟢 17%,🟢 17%,🔴 0%,🔴 0%,🟢 17%,🟢 17%,67 %,67 %,0 %
UNIMARC,UNIMARC * AVENIDA ARGENTINA 1910 * ANTOFAGAST,2026-01-22 00:00:00,🟢 17%,🟢 17%,🔴 0%,🔴 0%,🟢 17%,🟢 17%,67 %,67 %,0 %
UNIMARC,UNIMARC * AVENIDA DOS 35 * HUALPEN,2026-01-19 00:00:00,🟢 17%,🔴 0%,🔴 0%,🔴 0%,🟢 17%,🟢 17%,50 %,50 %,0 %
UNIMARC,UNIMARC * BENAVENTE 221 * OVALLE,2026-01-16 00:00:00,🟢 17%,🟢 17%,🔴 0%,🔴 0%,🟢 17%,🟢 17%,67 %,67 %,0 %
UNIMARC,UNIMARC * BERNARDO O'HIGGINS 630 * LAUTARO,2026-01-15 00:00:00,🟢 17%,🟢 17%,🔴 0%,🟢 17%,🔴 0%,🔴 0%,67 %,67 %,0 %
UNIMARC,UNIMARC * BERNARDO O'HIGGINS 630 * LAUTARO,2026-01-16 00:00:00,🟢 17%,🟢 17%,🔴 0%,🟢 17%,🟢 17%,🟢 17%,83 %,83 %,0 %
UNIMARC,UNIMARC * BILBAO 446 * TALCAHUANO,2026-01-22 00:00:00,🟢 17%,🔴 0%,🔴 0%,🔴 0%,🟢 17%,🟢 17%,50 %,50 %,0 %
UNIMARC,UNIMARC * BILBAO 446 * TALCAHUANO,2026-01-26 00:00:00,🔴 0%,🔴 0%,🔴 0%,🔴 0%,🔴 0%,🔴 0%,0 %,0 %,0 %
UNIMARC,UNIMARC * BRASIL 715 * LA SERENA,2026-01-16 00:00:00,🟢 17%,🟢 17%,🔴 0%,🔴 0%,🟢 17%,🟢 17%,67 %,67 %,0 %
UNIMARC,UNIMARC * BULNES 130 * LEBU,2026-01-14 00:00:00,🟢 17%,🟢 17%,🔴 0%,🔴 0%,🟢 17%,🟢 17%,67 %,67 %,0 %
UNIMARC,UNIMARC * CAMINO AEROPUERTO S/N * COQUIMBO,2026-01-26 00:00:00,🟢 17%,🟢 17%,🔴 0%,🔴 0%,🟢 17%,🟢 17%,67 %,67 %,0 %
UNIMARC,UNIMARC * CARLOS OVIEDO CAVADA 5319 * ANTOFAG,2026-01-20 00:00:00,🟢 17%,🟢 17%,🔴 0%,🔴 0%,🟢 17%,🟢 17%,67 %,67 %,0 %
UNIMARC,UNIMARC * CARLOS PEZOA VELIZ 1022 * ANTOFAGAS,2026-01-12 00:00:00,🟢 17%,🟢 17%,🔴 0%,🟢 17%,🔴 0%,🔴 0%,67 %,67 %,0 %
UNIMARC,UNIMARC * CARLOS PEZOA VELIZ 1022 * ANTOFAGAS,2026-01-22 00:00:00,🟢 17%,🟢 17%,🔴 0%,🟢 17%,🔴 0%,🔴 0%,67 %,67 %,0 %
UNIMARC,UNIMARC * CAUPOLICAN 680 * LOS VILOS,2026-01-22 00:00:00,🟢 17%,🟢 17%,🔴 0%,🔴 0%,🔴 0%,🔴 0%,50 %,50 %,0 %
UNIMARC,UNIMARC * CHACABUCO 320 * VICUÑA,2026-01-23 00:00:00,🟢 17%,🔴 0%,🔴 0%,🟢 17%,🟢 17%,🟢 17%,67 %,67 %,0 %
UNIMARC,UNIMARC * CHACABUCO 70 * CONCEPCION,2026-01-12 00:00:00,🟢 17%,🟢 17%,🔴 0%,🔴 0%,🟢 17%,🟢 17%,67 %,67 %,0 %
UNIMARC,UNIMARC * COLLIN 866 * CHILLAN,2026-01-09 00:00:00,🟢 17%,🟢 17%,🔴 0%,🔴 0%,🟢 17%,🟢 17%,67 %,67 %,0 %
UNIMARC,UNIMARC * COMERCIO 310 * COMBARBALA,2026-01-16 00:00:00,🟢 17%,🟢 17%,🔴 0%,🔴 0%,🟢 17%,🟢 17%,67 %,67 %,0 %
UNIMARC,UNIMARC * COSME CHURRUCA 75 * CONCEPCION,2026-01-13 00:00:00,🟢 17%,🟢 17%,🔴 0%,🔴 0%,🟢 17%,🟢 17%,67 %,67 %,0 %
UNIMARC,UNIMARC * COVADONGA 391 * ARAUCO,2026-01-14 00:00:00,🟢 17%,🟢 17%,🔴 0%,🔴 0%,🟢 17%,🟢 17%,67 %,67 %,0 %
UNIMARC,UNIMARC * DEL ALHELI 2011 * QUILPUE,2026-01-12 00:00:00,🟢 17%,🔴 0%,🔴 0%,🔴 0%,🟢 17%,🟢 17%,50 %,50 %,0 %
UNIMARC,UNIMARC * ERRAZURIZ 629 * VALPARAISO,2026-01-08 00:00:00,🟢 17%,🔴 0%,🔴 0%,🔴 0%,🟢 17%,🟢 17%,50 %,50 %,0 %
UNIMARC,UNIMARC * ESTRELLA DE CHILE 169 * QUINTERO,2026-01-07 00:00:00,🟢 17%,🔴 0%,🔴 0%,🔴 0%,🟢 17%,🟢 17%,50 %,50 %,0 %
UNIMARC,UNIMARC * ETCHEVERS ALTO 594 * VIÑA DEL MAR,2026-01-19 00:00:00,🟢 17%,🟢 17%,🔴 0%,🔴 0%,🟢 17%,🟢 17%,67 %,67 %,0 %
UNIMARC,UNIMARC * GERONIMO DE ALDERETE 694 * VILLARRI,2026-01-23 00:00:00,🟢 17%,🟢 17%,🔴 0%,🔴 0%,🔴 0%,🔴 0%,50 %,50 %,0 %
UNIMARC,UNIMARC * GOMEZ CARRENO 3875 * TALCAHUANO,2026-01-22 00:00:00,🟢 17%,🟢 17%,🔴 0%,🔴 0%,🟢 17%,🟢 17%,67 %,67 %,0 %
UNIMARC,UNIMARC * HUAMACHUCO 8481 * ANTOFAGASTA,2026-01-02 00:00:00,🟢 17%,🔴 0%,🔴 0%,🟢 17%,🟢 17%,🟢 17%,67 %,67 %,0 %
UNIMARC,UNIMARC * HUAMACHUCO 8481 * ANTOFAGASTA,2026-01-26 00:00:00,🟢 17%,🟢 17%,🔴 0%,🟢 17%,🟢 17%,🟢 17%,83 %,83 %,0 %
UNIMARC,UNIMARC * IGNACIO CARRERA PINTO 909 * ANTOFAG,2026-01-02 00:00:00,🟢 17%,🔴 0%,🔴 0%,🟢 17%,🟢 17%,🟢 17%,67 %,67 %,0 %
UNIMARC,UNIMARC * IGNACIO CARRERA PINTO 909 * ANTOFAG,2026-01-26 00:00:00,🟢 17%,🟢 17%,🔴 0%,🟢 17%,🟢 17%,🟢 17%,83 %,83 %,0 %
UNIMARC,UNIMARC * JAVIERA CARRERA 1610 * TEMUCO,2026-01-16 00:00:00,🟢 17%,🟢 17%,🔴 0%,🟢 17%,🟢 17%,🟢 17%,83 %,83 %,0 %
UNIMARC,UNIMARC * JOSE MIGUEL CARRERA 1527 * ANTOFAGA,2026-01-21 00:00:00,🟢 17%,🟢 17%,🔴 0%,🔴 0%,🟢 17%,🟢 17%,67 %,67 %,0 %
UNIMARC,UNIMARC * JUAN ANTONIO RIOS 3039 * CORONEL,2026-01-20 00:00:00,🟢 17%,🟢 17%,🔴 0%,🔴 0%,🟢 17%,🟢 17%,67 %,67 %,0 %
UNIMARC,UNIMARC * LAS ARAUCARIAS 295 * TALCAHUANO,2026-01-22 00:00:00,🟢 17%,🔴 0%,🔴 0%,🔴 0%,🟢 17%,🟢 17%,50 %,50 %,0 %
UNIMARC,UNIMARC * LAS ARAUCARIAS 295 * TALCAHUANO,2026-01-26 00:00:00,🔴 0%,🔴 0%,🔴 0%,🔴 0%,🔴 0%,🔴 0%,0 %,0 %,0 %
UNIMARC,UNIMARC * LAS ENCINAS 2690 * TEMUCO,2026-01-12 00:00:00,🟢 17%,🟢 17%,🔴 0%,🟢 17%,🔴 0%,🔴 0%,67 %,67 %,0 %
UNIMARC,UNIMARC * LAS ENCINAS 2690 * TEMUCO,2026-01-16 00:00:00,🟢 17%,🟢 17%,🔴 0%,🟢 17%,🟢 17%,🟢 17%,83 %,83 %,0 %
UNIMARC,UNIMARC * LAS VIOLETAS 39 * SAN PEDRO DE LA P,2026-01-21 00:00:00,🟢 17%,🟢 17%,🔴 0%,🔴 0%,🟢 17%,🟢 17%,67 %,67 %,0 %
UNIMARC,UNIMARC * LAUTARO 477 * CORONEL,2026-01-20 00:00:00,🟢 17%,🔴 0%,🔴 0%,🔴 0%,🟢 17%,🟢 17%,50 %,50 %,0 %
UNIMARC,UNIMARC * LOS ALAMOS 580 * COQUIMBO,2026-01-12 00:00:00,🟢 17%,🟢 17%,🔴 0%,🔴 0%,🟢 17%,🟢 17%,67 %,67 %,0 %
UNIMARC,UNIMARC * LOS LLEUQUE 1540 * CONCEPCION,2026-01-13 00:00:00,🟢 17%,🟢 17%,🔴 0%,🔴 0%,🟢 17%,🟢 17%,67 %,67 %,0 %
UNIMARC,UNIMARC * LOS LLEUQUE 1540 * CONCEPCION,2026-01-26 00:00:00,🔴 0%,🔴 0%,🔴 0%,🔴 0%,🔴 0%,🔴 0%,0 %,0 %,0 %
UNIMARC,UNIMARC * LOS MAÑIOS 7045 * SAN PEDRO DE LA P,2026-01-21 00:00:00,🟢 17%,🟢 17%,🔴 0%,🔴 0%,🟢 17%,🟢 17%,67 %,67 %,0 %
UNIMARC,UNIMARC * MAIPU 810 * ANTOFAGASTA,2026-01-14 00:00:00,🟢 17%,🟢 17%,🔴 0%,🔴 0%,🟢 17%,🟢 17%,67 %,67 %,0 %
UNIMARC,UNIMARC * MAIPU 810 * ANTOFAGASTA,2026-01-23 00:00:00,🟢 17%,🟢 17%,🔴 0%,🔴 0%,🟢 17%,🟢 17%,67 %,67 %,0 %
UNIMARC,UNIMARC * MANUEL MONTT 398 * CORONEL,2026-01-20 00:00:00,🟢 17%,🔴 0%,🔴 0%,🔴 0%,🟢 17%,🟢 17%,50 %,50 %,0 %
UNIMARC,UNIMARC * MANUEL MONTT 501 * CORONEL,2026-01-20 00:00:00,🟢 17%,🔴 0%,🔴 0%,🔴 0%,🟢 17%,🟢 17%,50 %,50 %,0 %
UNIMARC,UNIMARC * MANUEL RODRIGUEZ 1500 * CHIGUAYANTE,2026-01-16 00:00:00,🟢 17%,🔴 0%,🔴 0%,🔴 0%,🟢 17%,🟢 17%,50 %,50 %,0 %
UNIMARC,UNIMARC * MANUEL RODRIGUEZ 1500 * CHIGUAYANTE,2026-01-26 00:00:00,🔴 0%,🔴 0%,🔴 0%,🔴 0%,🔴 0%,🔴 0%,0 %,0 %,0 %
UNIMARC,UNIMARC * MAR DE LOS ZARGAZOS 1855 * VIÑA DEL,2026-01-09 00:00:00,🟢 17%,🔴 0%,🔴 0%,🔴 0%,🔴 0%,🔴 0%,33 %,33 %,0 %
UNIMARC,UNIMARC * NICARAGUA 1571 * LA SERENA,2026-01-16 00:00:00,🟢 17%,🟢 17%,🔴 0%,🔴 0%,🟢 17%,🟢 17%,67 %,67 %,0 %
UNIMARC,UNIMARC * OHIGGINS 101 * CURANILAHUE,2026-01-14 00:00:00,🟢 17%,🟢 17%,🔴 0%,🔴 0%,🟢 17%,🟢 17%,67 %,67 %,0 %
UNIMARC,UNIMARC * OHIGGINS 2259 LOTE 1A * TALAGANTE,2026-01-13 00:00:00,🟢 17%,🟢 17%,🔴 0%,🟢 17%,🔴 0%,🔴 0%,67 %,67 %,0 %
UNIMARC,UNIMARC * OHIGGINS 752 * PUCON,2026-01-16 00:00:00,🟢 17%,🟢 17%,🔴 0%,🟢 17%,🟢 17%,🟢 17%,83 %,83 %,0 %
UNIMARC,UNIMARC * PEDRO AGUIRRE CERDA 602 * LOTA,2026-01-20 00:00:00,🟢 17%,🔴 0%,🔴 0%,🔴 0%,🟢 17%,🟢 17%,50 %,50 %,0 %
UNIMARC,UNIMARC * PEDRO AGUIRRE CERDA 684 * LOTA,2026-01-20 00:00:00,🟢 17%,🔴 0%,🔴 0%,🔴 0%,🟢 17%,🟢 17%,50 %,50 %,0 %
UNIMARC,UNIMARC * PEDRO AGUIRRE CERDA 8700 * ANTOFAGA,2026-01-02 00:00:00,🟢 17%,🔴 0%,🔴 0%,🟢 17%,🟢 17%,🟢 17%,67 %,67 %,0 %
UNIMARC,UNIMARC * PEDRO AGUIRRE CERDA 8700 * ANTOFAGA,2026-01-14 00:00:00,🟢 17%,🟢 17%,🔴 0%,🟢 17%,🟢 17%,🟢 17%,83 %,83 %,0 %
UNIMARC,UNIMARC * PEDRO AGUIRRE CERDA 8700 * ANTOFAGA,2026-01-26 00:00:00,🟢 17%,🟢 17%,🔴 0%,🟢 17%,🟢 17%,🟢 17%,83 %,83 %,0 %
UNIMARC,UNIMARC * POLICARPO TORO S/N * TOCOPILLA,2026-01-09 00:00:00,🟢 17%,🟢 17%,🔴 0%,🔴 0%,🟡 17%,🟡 17%,50 %,67 %,17 %
UNIMARC,UNIMARC * PRESIDENTE RIOS 672 * PUCHUNCAVI,2026-01-07 00:00:00,🟢 17%,🔴 0%,🔴 0%,🔴 0%,🟢 17%,🟢 17%,50 %,50 %,0 %
UNIMARC,UNIMARC * REGIMIENTO ARICA 6001 * LA SERENA,2026-01-20 00:00:00,🟢 17%,🟢 17%,🔴 0%,🟢 17%,🟢 17%,🟢 17%,83 %,83 %,0 %
UNIMARC,UNIMARC * SAAVEDRA 525 * CAÑETE,2026-01-14 00:00:00,🟢 17%,🟢 17%,🔴 0%,🔴 0%,🟢 17%,🟢 17%,67 %,67 %,0 %
UNIMARC,UNIMARC * SAN MARTIN 675 * CAUTIN,2026-01-12 00:00:00,🟢 17%,🟢 17%,🔴 0%,🟢 17%,🟢 17%,🟢 17%,83 %,83 %,0 %
UNIMARC,UNIMARC * SAN MARTIN 675 * CAUTIN,2026-01-16 00:00:00,🟢 17%,🟢 17%,🔴 0%,🟢 17%,🟢 17%,🟢 17%,83 %,83 %,0 %
UNIMARC,UNIMARC * SANTA CRUZ 1170 * TRAIGUEN,2026-01-15 00:00:00,🟢 17%,🟢 17%,🔴 0%,🟢 17%,🟢 17%,🟢 17%,83 %,83 %,0 %
UNIMARC,UNIMARC * SANTA CRUZ 1170 * TRAIGUEN,2026-01-16 00:00:00,🟢 17%,🟢 17%,🔴 0%,🟢 17%,🟢 17%,🟢 17%,83 %,83 %,0 %
UNIMARC,UNIMARC * SANTELICES 641 * ISLA DE MAIPO,2026-01-13 00:00:00,🟢 17%,🟢 17%,🔴 0%,🔴 0%,🟢 17%,🟢 17%,67 %,67 %,0 %
UNIMARC,UNIMARC * SERRANO 500 * CHILLAN,2026-01-02 00:00:00,🟢 17%,🔴 0%,🔴 0%,🔴 0%,🟢 17%,🟢 17%,50 %,50 %,0 %
UNIMARC,UNIMARC * TUCAPEL 1313 * CONCEPCION,2026-01-23 00:00:00,🟢 17%,🔴 0%,🔴 0%,🔴 0%,🟢 17%,🟢 17%,50 %,50 %,0 %
UNIMARC,UNIMARC * TUCAPEL 1313 * CONCEPCION,2026-01-26 00:00:00,🔴 0%,🔴 0%,🔴 0%,🔴 0%,🔴 0%,🔴 0%,0 %,0 %,0 %
UNIMARC,UNIMARC * TUCAPEL 285 * SAN PEDRO DE LA PAZ,2026-01-21 00:00:00,🟢 17%,🔴 0%,🔴 0%,🔴 0%,🟢 17%,🟢 17%,50 %,50 %,0 %
UNIMARC,UNIMARC HUACHALALUME,2026-01-23 00:00:00,🟢 17%,🟢 17%,🔴 0%,🟢 17%,🟢 17%,🟢 17%,83 %,83 %,0 %
UPA,UPA HUECHURABA,2026-01-20 00:00:00,🔴 0%,🔴 0%,🔴 0%,🔴 0%,🔴 0%,🔴 0%,0 %,0 %,0 %
UPA,UPA LO BARNECHEA,2026-01-20 00:00:00,🔴 0%,🔴 0%,🔴 0%,🔴 0%,🔴 0%,🔴 0%,0 %,0 %,0 %
UPA,UPA PROVIDENCIA,2026-01-20 00:00:00,🔴 0%,🔴 0%,🔴 0%,🔴 0%,🔴 0%,🔴 0%,0 %,0 %,0 %
UPA,UPA VITACURA,2026-01-20 00:00:00,🔴 0%,🔴 0%,🔴 0%,🔴 0%,🔴 0%,🔴 0%,0 %,0 %,0 %
UPA,UPITA,2026-01-21 00:00:00,🟢 17%,🟢 17%,🔴 0%,🔴 0%,🔴 0%,🔴 0%,50 %,50 %,0 %
WALMART,(13) - BA TEMUCO P. DE VALDIVIA,2026-01-21 00:00:00,🟢 17%,🔴 0%,🔴 0%,🔴 0%,🔴 0%,🔴 0%,33 %,33 %,0 %
WALMART,(168) - BA HUALPEN,2026-01-19 00:00:00,🟢 17%,🔴 0%,🔴 0%,🔴 0%,🟢 17%,🟢 17%,50 %,50 %,0 %
WALMART,(186) - BA EL BOSQUE LO MARTINEZ,2026-01-12 00:00:00,🟢 17%,🔴 0%,🔴 0%,🔴 0%,🔴 0%,🔴 0%,33 %,33 %,0 %
WALMART,(187) - BA CABRERO,2026-01-13 00:00:00,🟢 17%,🔴 0%,🔴 0%,🔴 0%,🟢 17%,🟢 17%,50 %,50 %,0 %
WALMART,(440) - BA LEBU,2026-01-14 00:00:00,🟢 17%,🔴 0%,🔴 0%,🔴 0%,🟢 17%,🟢 17%,50 %,50 %,0 %
WALMART,(478) - BA CORONEL,2026-01-20 00:00:00,🟢 17%,🔴 0%,🔴 0%,🔴 0%,🟢 17%,🟢 17%,50 %,50 %,0 %
WALMART,(501) - BA T TEMUCO,2026-01-22 00:00:00,🟢 17%,🔴 0%,🔴 0%,🔴 0%,🔴 0%,🔴 0%,33 %,33 %,0 %
WALMART,(526) - BA T CHILLAN,2026-01-09 00:00:00,🟢 17%,🟢 17%,🔴 0%,🔴 0%,🟢 17%,🟢 17%,67 %,67 %,0 %
WALMART,(529) - BA LO OVALLE,2026-01-12 00:00:00,🟢 17%,🔴 0%,🔴 0%,🔴 0%,🔴 0%,🔴 0%,33 %,33 %,0 %
WALMART,(531) - BA CHIGUAYANTE,2026-01-16 00:00:00,🟢 17%,🔴 0%,🔴 0%,🔴 0%,🟢 17%,🟢 17%,50 %,50 %,0 %
WALMART,(538) - BA ORIENTALES,2026-01-19 00:00:00,🟢 17%,🔴 0%,🔴 0%,🔴 0%,🔴 0%,🔴 0%,33 %,33 %,0 %
WALMART,(551) - BA TALCHUANO,2026-01-22 00:00:00,🟢 17%,🔴 0%,🔴 0%,🔴 0%,🟢 17%,🟢 17%,50 %,50 %,0 %
WALMART,(554) - BA HUALPEN,2026-01-19 00:00:00,🟢 17%,🔴 0%,🔴 0%,🔴 0%,🟢 17%,🟢 17%,50 %,50 %,0 %
WALMART,(560) - BA VILLARRICA,2026-01-23 00:00:00,🟢 17%,🟢 17%,🔴 0%,🔴 0%,🔴 0%,🔴 0%,50 %,50 %,0 %
WALMART,(573) - BA ARAUCO,2026-01-14 00:00:00,🟢 17%,🔴 0%,🔴 0%,🔴 0%,🟢 17%,🟢 17%,50 %,50 %,0 %
WALMART,(582) - BA SAN CARLOS,2026-01-02 00:00:00,🟢 17%,🔴 0%,🔴 0%,🔴 0%,🟢 17%,🟢 17%,50 %,50 %,0 %
WALMART,(636) - BA VICTORIA OHIGGINS,2026-01-15 00:00:00,🟢 17%,🔴 0%,🔴 0%,🔴 0%,🔴 0%,🔴 0%,33 %,33 %,0 %
WALMART,(773) - BA VICUNA YUNGAY,2026-01-23 00:00:00,🟢 17%,🔴 0%,🔴 0%,🔴 0%,🔴 0%,🔴 0%,33 %,33 %,0 %
WALMART,(787) - BA CURANILAHUE (OHIGGINS),2026-01-14 00:00:00,🟢 17%,🔴 0%,🔴 0%,🔴 0%,🟢 17%,🟢 17%,50 %,50 %,0 %
WALMART,(954) - SBA TEMUCO LABRANZA,2026-01-22 00:00:00,🟢 17%,🔴 0%,🔴 0%,🔴 0%,🔴 0%,🔴 0%,33 %,33 %,0 %
WALMART,(970) - CM LA SERENA,2026-01-16 00:00:00,🟢 17%,🟢 17%,🔴 0%,🟢 17%,🟢 17%,🟢 17%,83 %,83 %,0 %
WALMART,CALLE PRAT 402,2026-01-20 00:00:00,🟢 17%,🔴 0%,🔴 0%,🔴 0%,🟢 17%,🟢 17%,50 %,50 %,0 %
